dataset,openml_id,model,fold,acc,leaves,rule_len,rule_vars,features,fit_s,n_trees,n,p,p_cat,c50py_version
anneal,2,c50py,0,0.9166666666666666,21.0,6.761904761904762,5.666666666666667,11.0,0.2348619029999099,,898,18,12,0.5.0
anneal,2,c50py,1,0.9222222222222224,23.0,7.260869565217392,5.521739130434782,10.0,0.2575739409999187,,898,18,12,0.5.0
anneal,2,c50py,2,0.9333333333333332,21.0,6.285714285714286,4.9523809523809526,8.0,0.2910611209999842,,898,18,12,0.5.0
anneal,2,c50py,3,0.9106145251396648,21.0,6.809523809523809,5.190476190476191,9.0,0.2649599859996669,,898,18,12,0.5.0
anneal,2,c50py,4,0.8938547486033519,28.0,6.821428571428571,5.678571428571429,10.0,0.3193765800001529,,898,18,12,0.5.0
anneal,2,c50py_cv,0,0.9333333333333332,33.0,7.484848484848484,6.303030303030303,12.0,2.933577814999808,,898,18,12,0.5.0
anneal,2,c50py_cv,1,0.9222222222222224,23.0,7.260869565217392,5.521739130434782,10.0,2.725049786,,898,18,12,0.5.0
anneal,2,c50py_cv,2,0.9388888888888888,29.0,7.344827586206897,5.931034482758621,11.0,2.8089355950000936,,898,18,12,0.5.0
anneal,2,c50py_cv,3,0.9162011173184358,22.0,6.727272727272728,5.181818181818182,9.0,2.367123441000331,,898,18,12,0.5.0
anneal,2,c50py_cv,4,0.905027932960894,33.0,6.878787878787879,5.818181818181818,11.0,3.0027414070000304,,898,18,12,0.5.0
anneal,2,c50py_winnow,0,0.9166666666666666,31.0,7.451612903225806,5.645161290322581,9.0,0.3780211949997465,,898,18,12,0.5.0
anneal,2,c50py_winnow,1,0.9222222222222224,22.0,7.0,5.363636363636363,9.0,0.4547577990001628,,898,18,12,0.5.0
anneal,2,c50py_winnow,2,0.9277777777777778,23.0,6.782608695652174,4.956521739130435,8.0,0.8672119329999077,,898,18,12,0.5.0
anneal,2,c50py_winnow,3,0.9385474860335196,23.0,7.260869565217392,5.304347826086956,8.0,0.5263745889997153,,898,18,12,0.5.0
anneal,2,c50py_winnow,4,0.9273743016759776,32.0,6.8125,5.75,9.0,0.457094440000219,,898,18,12,0.5.0
anneal,2,c50py_rules,0,0.8888888888888888,10.0,2.7,2.6,10.0,0.2796123289999741,,898,18,12,0.5.0
anneal,2,c50py_rules,1,0.9444444444444444,14.0,2.571428571428572,2.4285714285714284,9.0,0.3149450060000163,,898,18,12,0.5.0
anneal,2,c50py_rules,2,0.9222222222222224,13.0,2.230769230769231,2.0,7.0,0.3132019880004009,,898,18,12,0.5.0
anneal,2,c50py_rules,3,0.988826815642458,11.0,2.1818181818181817,2.0,9.0,0.3216961919997629,,898,18,12,0.5.0
anneal,2,c50py_rules,4,0.9385474860335196,17.0,2.0588235294117645,1.8823529411764703,8.0,0.3509669079994637,,898,18,12,0.5.0
anneal,2,c50py_boost,0,0.9555555555555556,,,,,2.0653772820000995,10.0,898,18,12,0.5.0
anneal,2,c50py_boost,1,0.9611111111111112,,,,,2.052507574000174,10.0,898,18,12,0.5.0
anneal,2,c50py_boost,2,0.9722222222222222,,,,,2.7813404499997887,10.0,898,18,12,0.5.0
anneal,2,c50py_boost,3,0.9497206703910616,,,,,1.958597228999679,10.0,898,18,12,0.5.0
anneal,2,c50py_boost,4,0.9497206703910616,,,,,2.031631958000162,10.0,898,18,12,0.5.0
anneal,2,cart,0,0.9944444444444444,16.0,5.4375,5.125,10.0,0.0026608560001477,,898,18,12,0.5.0
anneal,2,cart,1,0.9944444444444444,16.0,5.5,5.0625,10.0,0.0024066249998213,,898,18,12,0.5.0
anneal,2,cart,2,1.0,17.0,5.647058823529412,5.294117647058823,11.0,0.002523012000438,,898,18,12,0.5.0
anneal,2,cart,3,0.988826815642458,15.0,4.933333333333334,4.666666666666667,10.0,0.0025603200001569,,898,18,12,0.5.0
anneal,2,cart,4,0.988826815642458,15.0,5.266666666666667,4.666666666666667,10.0,0.0024666170002092,,898,18,12,0.5.0
anneal,2,cart_cv,0,0.9944444444444444,16.0,5.4375,5.125,10.0,2.538223456000196,,898,18,12,0.5.0
anneal,2,cart_cv,1,0.9888888888888888,13.0,5.307692307692308,4.923076923076923,9.0,2.108279173000028,,898,18,12,0.5.0
anneal,2,cart_cv,2,1.0,17.0,5.647058823529412,5.294117647058823,11.0,2.0963635369998883,,898,18,12,0.5.0
anneal,2,cart_cv,3,0.988826815642458,15.0,4.933333333333334,4.666666666666667,10.0,2.0545577210000374,,898,18,12,0.5.0
anneal,2,cart_cv,4,0.988826815642458,15.0,5.266666666666667,4.666666666666667,10.0,2.1924909370000023,,898,18,12,0.5.0
anneal,2,hgb,0,0.9944444444444444,,,,,0.4574858400001176,,898,18,12,0.5.0
anneal,2,hgb,1,0.9888888888888888,,,,,0.5040042870000434,,898,18,12,0.5.0
anneal,2,hgb,2,0.9833333333333332,,,,,0.4166053940002712,,898,18,12,0.5.0
anneal,2,hgb,3,0.994413407821229,,,,,0.487320802999875,,898,18,12,0.5.0
anneal,2,hgb,4,0.988826815642458,,,,,0.391767420999713,,898,18,12,0.5.0
anneal,2,C5.0_R,0,0.938888888888889,34.0,,,10.0,0.0269999999999999,,898,18,12,0.5.0
anneal,2,C5.0_R,1,0.944444444444444,34.0,,,11.0,0.0210000000000001,,898,18,12,0.5.0
anneal,2,C5.0_R,2,0.944444444444444,27.0,,,11.0,0.0229999999999999,,898,18,12,0.5.0
anneal,2,C5.0_R,3,0.955307262569832,29.0,,,10.0,0.0190000000000001,,898,18,12,0.5.0
anneal,2,C5.0_R,4,0.893854748603352,32.0,,,9.0,0.018,,898,18,12,0.5.0
anneal,2,C5.0_R_rules,0,0.944444444444444,12.0,,,8.0,0.022,,898,18,12,0.5.0
anneal,2,C5.0_R_rules,1,0.955555555555556,12.0,,,11.0,0.0249999999999999,,898,18,12,0.5.0
anneal,2,C5.0_R_rules,2,0.955555555555556,9.0,,,9.0,0.0209999999999999,,898,18,12,0.5.0
anneal,2,C5.0_R_rules,3,0.983240223463687,11.0,,,8.0,0.02,,898,18,12,0.5.0
anneal,2,C5.0_R_rules,4,0.932960893854749,17.0,,,9.0,0.0189999999999999,,898,18,12,0.5.0
anneal,2,C5.0_R_boost,0,0.944444444444444,,,,,0.0450000000000002,,898,18,12,0.5.0
anneal,2,C5.0_R_boost,1,0.95,,,,,0.056,,898,18,12,0.5.0
anneal,2,C5.0_R_boost,2,0.983333333333333,,,,,0.042,,898,18,12,0.5.0
anneal,2,C5.0_R_boost,3,0.93854748603352,,,,,0.0390000000000001,,898,18,12,0.5.0
anneal,2,C5.0_R_boost,4,0.955307262569832,,,,,0.038,,898,18,12,0.5.0
kr-vs-kp,3,c50py,0,0.9890625,24.0,7.541666666666667,7.541666666666667,20.0,0.2665763789996163,,3196,36,36,0.5.0
kr-vs-kp,3,c50py,1,0.9953051643192488,30.0,7.433333333333334,7.433333333333334,23.0,0.3597514050002246,,3196,36,36,0.5.0
kr-vs-kp,3,c50py,2,0.9953051643192488,28.0,7.678571428571429,7.678571428571429,22.0,0.294008918000145,,3196,36,36,0.5.0
kr-vs-kp,3,c50py,3,0.9890453834115804,26.0,7.538461538461538,7.538461538461538,23.0,0.2871435120000569,,3196,36,36,0.5.0
kr-vs-kp,3,c50py,4,0.9968701095461658,24.0,7.875,7.875,21.0,0.3927734060002876,,3196,36,36,0.5.0
kr-vs-kp,3,c50py_cv,0,0.9890625,24.0,7.541666666666667,7.541666666666667,20.0,3.051086687999941,,3196,36,36,0.5.0
kr-vs-kp,3,c50py_cv,1,0.9953051643192488,30.0,7.433333333333334,7.433333333333334,23.0,3.4951141819997247,,3196,36,36,0.5.0
kr-vs-kp,3,c50py_cv,2,0.9937402190923318,22.0,7.363636363636363,7.363636363636363,19.0,3.522345668000071,,3196,36,36,0.5.0
kr-vs-kp,3,c50py_cv,3,0.9890453834115804,26.0,7.538461538461538,7.538461538461538,23.0,3.26022538899997,,3196,36,36,0.5.0
kr-vs-kp,3,c50py_cv,4,0.9984350547730828,29.0,7.689655172413793,7.689655172413793,24.0,3.3311859480004387,,3196,36,36,0.5.0
kr-vs-kp,3,c50py_winnow,0,0.9890625,22.0,7.090909090909091,7.090909090909091,18.0,0.7573742390000007,,3196,36,36,0.5.0
kr-vs-kp,3,c50py_winnow,1,0.9906103286384976,26.0,7.3076923076923075,7.3076923076923075,20.0,1.1776818349999305,,3196,36,36,0.5.0
kr-vs-kp,3,c50py_winnow,2,0.9921752738654148,24.0,7.041666666666667,7.041666666666667,18.0,0.6219590309997329,,3196,36,36,0.5.0
kr-vs-kp,3,c50py_winnow,3,0.9890453834115804,25.0,7.16,7.16,22.0,0.6101380300001438,,3196,36,36,0.5.0
kr-vs-kp,3,c50py_winnow,4,0.9968701095461658,24.0,7.875,7.875,21.0,0.8030776680002418,,3196,36,36,0.5.0
kr-vs-kp,3,c50py_rules,0,0.9890625,9.0,4.0,4.0,20.0,0.3679807019998407,,3196,36,36,0.5.0
kr-vs-kp,3,c50py_rules,1,0.9953051643192488,13.0,4.0,4.0,23.0,0.4085009710006488,,3196,36,36,0.5.0
kr-vs-kp,3,c50py_rules,2,0.9968701095461658,12.0,3.9166666666666665,3.9166666666666665,22.0,0.414961528999811,,3196,36,36,0.5.0
kr-vs-kp,3,c50py_rules,3,0.9921752738654148,25.0,3.4,3.4,23.0,0.4463303180000366,,3196,36,36,0.5.0
kr-vs-kp,3,c50py_rules,4,0.9984350547730828,8.0,4.25,4.25,21.0,0.3995406009998987,,3196,36,36,0.5.0
kr-vs-kp,3,c50py_boost,0,0.9890625,,,,,4.093038383000021,10.0,3196,36,36,0.5.0
kr-vs-kp,3,c50py_boost,1,0.9921752738654148,,,,,5.65702167299969,10.0,3196,36,36,0.5.0
kr-vs-kp,3,c50py_boost,2,0.9968701095461658,,,,,4.254255594999904,10.0,3196,36,36,0.5.0
kr-vs-kp,3,c50py_boost,3,0.9937402190923318,,,,,4.038164695999967,10.0,3196,36,36,0.5.0
kr-vs-kp,3,c50py_boost,4,0.9968701095461658,,,,,4.127793889000259,10.0,3196,36,36,0.5.0
kr-vs-kp,3,cart,0,0.9890625,42.0,8.595238095238095,8.595238095238095,29.0,0.0096176199999717,,3196,36,36,0.5.0
kr-vs-kp,3,cart,1,0.9937402190923318,47.0,8.340425531914894,8.340425531914894,30.0,0.0069796369998584,,3196,36,36,0.5.0
kr-vs-kp,3,cart,2,0.9968701095461658,49.0,8.73469387755102,8.73469387755102,30.0,0.0069452739999178,,3196,36,36,0.5.0
kr-vs-kp,3,cart,3,1.0,52.0,8.788461538461538,8.788461538461538,32.0,0.0067552669997894,,3196,36,36,0.5.0
kr-vs-kp,3,cart,4,0.9968701095461658,53.0,9.056603773584904,9.056603773584904,32.0,0.007448555999872,,3196,36,36,0.5.0
kr-vs-kp,3,cart_cv,0,0.9875,24.0,7.291666666666667,7.291666666666667,20.0,4.348112681999737,,3196,36,36,0.5.0
kr-vs-kp,3,cart_cv,1,0.9937402190923318,47.0,8.340425531914894,8.340425531914894,30.0,4.164410878000126,,3196,36,36,0.5.0
kr-vs-kp,3,cart_cv,2,0.9968701095461658,35.0,7.771428571428571,7.771428571428571,25.0,4.296563485000206,,3196,36,36,0.5.0
kr-vs-kp,3,cart_cv,3,0.9953051643192488,37.0,7.594594594594595,7.594594594594595,26.0,4.075249351999901,,3196,36,36,0.5.0
kr-vs-kp,3,cart_cv,4,0.9984350547730828,43.0,8.186046511627907,8.186046511627907,28.0,4.336900582999988,,3196,36,36,0.5.0
kr-vs-kp,3,hgb,0,0.9859375,,,,,0.2596171309996862,,3196,36,36,0.5.0
kr-vs-kp,3,hgb,1,0.9937402190923318,,,,,0.2529980869999235,,3196,36,36,0.5.0
kr-vs-kp,3,hgb,2,0.9968701095461658,,,,,0.2649681429998054,,3196,36,36,0.5.0
kr-vs-kp,3,hgb,3,0.9921752738654148,,,,,0.3057440239999778,,3196,36,36,0.5.0
kr-vs-kp,3,hgb,4,0.9968701095461658,,,,,0.2682254430001194,,3196,36,36,0.5.0
kr-vs-kp,3,C5.0_R,0,0.9890625,24.0,,,20.0,0.117,,3196,36,36,0.5.0
kr-vs-kp,3,C5.0_R,1,0.995305164319249,30.0,,,23.0,0.089,,3196,36,36,0.5.0
kr-vs-kp,3,C5.0_R,2,0.995305164319249,28.0,,,22.0,0.0859999999999999,,3196,36,36,0.5.0
kr-vs-kp,3,C5.0_R,3,0.989045383411581,26.0,,,23.0,0.081,,3196,36,36,0.5.0
kr-vs-kp,3,C5.0_R,4,0.996870109546166,24.0,,,21.0,0.0939999999999999,,3196,36,36,0.5.0
kr-vs-kp,3,C5.0_R_rules,0,0.9890625,9.0,,,20.0,0.095,,3196,36,36,0.5.0
kr-vs-kp,3,C5.0_R_rules,1,0.995305164319249,13.0,,,23.0,0.085,,3196,36,36,0.5.0
kr-vs-kp,3,C5.0_R_rules,2,0.993740219092332,12.0,,,22.0,0.0840000000000001,,3196,36,36,0.5.0
kr-vs-kp,3,C5.0_R_rules,3,0.992175273865415,25.0,,,23.0,0.0830000000000002,,3196,36,36,0.5.0
kr-vs-kp,3,C5.0_R_rules,4,0.998435054773083,8.0,,,21.0,0.0829999999999997,,3196,36,36,0.5.0
kr-vs-kp,3,C5.0_R_boost,0,0.9890625,,,,,0.099,,3196,36,36,0.5.0
kr-vs-kp,3,C5.0_R_boost,1,0.993740219092332,,,,,0.1,,3196,36,36,0.5.0
kr-vs-kp,3,C5.0_R_boost,2,0.996870109546166,,,,,0.106,,3196,36,36,0.5.0
kr-vs-kp,3,C5.0_R_boost,3,0.992175273865415,,,,,0.132,,3196,36,36,0.5.0
kr-vs-kp,3,C5.0_R_boost,4,0.996870109546166,,,,,0.179,,3196,36,36,0.5.0
lymph,10,c50py,0,0.8333333333333334,11.0,4.818181818181818,4.636363636363637,9.0,0.0485880339997493,,148,18,15,0.5.0
lymph,10,c50py,1,0.8333333333333334,16.0,4.9375,4.75,11.0,0.0629398260002744,,148,18,15,0.5.0
lymph,10,c50py,2,0.5666666666666667,8.0,3.625,3.625,6.0,0.0502802860000883,,148,18,15,0.5.0
lymph,10,c50py,3,0.7931034482758621,12.0,4.916666666666667,4.75,9.0,0.0467890229997465,,148,18,15,0.5.0
lymph,10,c50py,4,0.7931034482758621,11.0,5.0,5.0,9.0,0.0435541669999111,,148,18,15,0.5.0
lymph,10,c50py_cv,0,0.8333333333333334,11.0,4.818181818181818,4.636363636363637,9.0,0.529228638999939,,148,18,15,0.5.0
lymph,10,c50py_cv,1,0.8333333333333334,16.0,4.9375,4.75,11.0,0.4968920319997778,,148,18,15,0.5.0
lymph,10,c50py_cv,2,0.5333333333333333,4.0,2.25,2.25,3.0,0.4481233800001973,,148,18,15,0.5.0
lymph,10,c50py_cv,3,0.7931034482758621,8.0,3.875,3.875,7.0,0.4637225489996126,,148,18,15,0.5.0
lymph,10,c50py_cv,4,0.7586206896551724,5.0,2.8,2.8,4.0,0.5317775059997984,,148,18,15,0.5.0
lymph,10,c50py_winnow,0,0.8,9.0,3.7777777777777777,3.555555555555556,6.0,0.0878256999999393,,148,18,15,0.5.0
lymph,10,c50py_winnow,1,0.8,6.0,3.333333333333333,3.333333333333333,5.0,0.1025152569995953,,148,18,15,0.5.0
lymph,10,c50py_winnow,2,0.5,4.0,2.25,2.25,3.0,0.103228898999987,,148,18,15,0.5.0
lymph,10,c50py_winnow,3,0.7931034482758621,5.0,2.8,2.8,4.0,0.0901662889996259,,148,18,15,0.5.0
lymph,10,c50py_winnow,4,0.7241379310344828,8.0,3.5,3.25,6.0,0.0577949819999048,,148,18,15,0.5.0
lymph,10,c50py_rules,0,0.8333333333333334,8.0,2.625,2.625,9.0,0.0553233000000545,,148,18,15,0.5.0
lymph,10,c50py_rules,1,0.8,10.0,2.5,2.5,11.0,0.0611101530002997,,148,18,15,0.5.0
lymph,10,c50py_rules,2,0.5666666666666667,8.0,2.75,2.75,6.0,0.0504090680005901,,148,18,15,0.5.0
lymph,10,c50py_rules,3,0.7586206896551724,6.0,2.6666666666666665,2.6666666666666665,8.0,0.0548428639995108,,148,18,15,0.5.0
lymph,10,c50py_rules,4,0.7241379310344828,9.0,2.555555555555556,2.555555555555556,9.0,0.057357098000466,,148,18,15,0.5.0
lymph,10,c50py_boost,0,0.7666666666666667,,,,,0.4609701680001308,10.0,148,18,15,0.5.0
lymph,10,c50py_boost,1,0.8666666666666667,,,,,0.4328286390000357,10.0,148,18,15,0.5.0
lymph,10,c50py_boost,2,0.8666666666666667,,,,,0.4145433580001736,10.0,148,18,15,0.5.0
lymph,10,c50py_boost,3,0.8620689655172413,,,,,0.4890305389999412,10.0,148,18,15,0.5.0
lymph,10,c50py_boost,4,0.896551724137931,,,,,0.4533479330002592,10.0,148,18,15,0.5.0
lymph,10,cart,0,0.8,20.0,4.65,4.45,13.0,0.0014346289999593,,148,18,15,0.5.0
lymph,10,cart,1,0.8,22.0,4.681818181818182,4.454545454545454,10.0,0.0013717589999941,,148,18,15,0.5.0
lymph,10,cart,2,0.7666666666666667,22.0,4.954545454545454,4.863636363636363,10.0,0.0017754150003383,,148,18,15,0.5.0
lymph,10,cart,3,0.7241379310344828,21.0,4.904761904761905,4.571428571428571,11.0,0.0022436429999288,,148,18,15,0.5.0
lymph,10,cart,4,0.7586206896551724,21.0,4.809523809523809,4.809523809523809,12.0,0.0019922259998566,,148,18,15,0.5.0
lymph,10,cart_cv,0,0.7666666666666667,10.0,3.4,3.4,7.0,1.6239300619999997,,148,18,15,0.5.0
lymph,10,cart_cv,1,0.7666666666666667,9.0,3.333333333333333,3.333333333333333,6.0,1.4005501460001142,,148,18,15,0.5.0
lymph,10,cart_cv,2,0.7666666666666667,22.0,4.954545454545454,4.863636363636363,10.0,1.6387097930000891,,148,18,15,0.5.0
lymph,10,cart_cv,3,0.7241379310344828,21.0,4.904761904761905,4.571428571428571,11.0,1.6821496009997643,,148,18,15,0.5.0
lymph,10,cart_cv,4,0.7586206896551724,8.0,3.25,3.25,7.0,1.465272919999734,,148,18,15,0.5.0
lymph,10,hgb,0,0.7666666666666667,,,,,0.109387383000012,,148,18,15,0.5.0
lymph,10,hgb,1,0.8333333333333334,,,,,0.1056206919997748,,148,18,15,0.5.0
lymph,10,hgb,2,0.8,,,,,0.1330532639999546,,148,18,15,0.5.0
lymph,10,hgb,3,0.7931034482758621,,,,,0.1177214509998521,,148,18,15,0.5.0
lymph,10,hgb,4,0.8275862068965517,,,,,0.1159918600001219,,148,18,15,0.5.0
lymph,10,C5.0_R,0,0.833333333333333,11.0,,,9.0,0.01,,148,18,15,0.5.0
lymph,10,C5.0_R,1,0.866666666666667,17.0,,,11.0,0.008,,148,18,15,0.5.0
lymph,10,C5.0_R,2,0.566666666666667,8.0,,,6.0,0.008,,148,18,15,0.5.0
lymph,10,C5.0_R,3,0.586206896551724,9.0,,,7.0,0.0069999999999999,,148,18,15,0.5.0
lymph,10,C5.0_R,4,0.758620689655172,12.0,,,9.0,0.006,,148,18,15,0.5.0
lymph,10,C5.0_R_rules,0,0.833333333333333,8.0,,,9.0,0.008,,148,18,15,0.5.0
lymph,10,C5.0_R_rules,1,0.866666666666667,11.0,,,8.0,0.0070000000000001,,148,18,15,0.5.0
lymph,10,C5.0_R_rules,2,0.566666666666667,8.0,,,6.0,0.006,,148,18,15,0.5.0
lymph,10,C5.0_R_rules,3,0.586206896551724,9.0,,,7.0,0.0070000000000001,,148,18,15,0.5.0
lymph,10,C5.0_R_rules,4,0.862068965517241,5.0,,,8.0,0.006,,148,18,15,0.5.0
lymph,10,C5.0_R_boost,0,0.766666666666667,,,,,0.0110000000000001,,148,18,15,0.5.0
lymph,10,C5.0_R_boost,1,0.8,,,,,0.0109999999999999,,148,18,15,0.5.0
lymph,10,C5.0_R_boost,2,0.766666666666667,,,,,0.0090000000000001,,148,18,15,0.5.0
lymph,10,C5.0_R_boost,3,0.827586206896552,,,,,0.008,,148,18,15,0.5.0
lymph,10,C5.0_R_boost,4,0.862068965517241,,,,,0.01,,148,18,15,0.5.0
breast-cancer,13,c50py,0,0.7068965517241379,12.0,4.0,4.0,9.0,0.0656585960000484,,286,9,9,0.5.0
breast-cancer,13,c50py,1,0.7368421052631579,11.0,4.2727272727272725,4.2727272727272725,7.0,0.0671706959997209,,286,9,9,0.5.0
breast-cancer,13,c50py,2,0.7368421052631579,3.0,1.6666666666666667,1.6666666666666667,2.0,0.0666244560002269,,286,9,9,0.5.0
breast-cancer,13,c50py,3,0.7192982456140351,6.0,3.1666666666666665,3.1666666666666665,5.0,0.062071066000044,,286,9,9,0.5.0
breast-cancer,13,c50py,4,0.7192982456140351,6.0,3.333333333333333,3.333333333333333,5.0,0.1092204669998864,,286,9,9,0.5.0
breast-cancer,13,c50py_cv,0,0.7931034482758621,3.0,1.6666666666666667,1.6666666666666667,2.0,0.6677607279998483,,286,9,9,0.5.0
breast-cancer,13,c50py_cv,1,0.7368421052631579,5.0,2.8,2.8,4.0,0.6665235229997961,,286,9,9,0.5.0
breast-cancer,13,c50py_cv,2,0.7368421052631579,3.0,1.6666666666666667,1.6666666666666667,2.0,0.758072994000031,,286,9,9,0.5.0
breast-cancer,13,c50py_cv,3,0.7192982456140351,6.0,3.1666666666666665,3.1666666666666665,5.0,0.8189019540000118,,286,9,9,0.5.0
breast-cancer,13,c50py_cv,4,0.7894736842105263,4.0,2.25,2.25,3.0,0.9531079819998922,,286,9,9,0.5.0
breast-cancer,13,c50py_winnow,0,0.7068965517241379,9.0,3.333333333333333,3.333333333333333,6.0,0.1359406280002986,,286,9,9,0.5.0
breast-cancer,13,c50py_winnow,1,0.7368421052631579,5.0,2.8,2.8,4.0,0.1175078719998055,,286,9,9,0.5.0
breast-cancer,13,c50py_winnow,2,0.7017543859649122,1.0,0.0,0.0,0.0,0.0752610409999761,,286,9,9,0.5.0
breast-cancer,13,c50py_winnow,3,0.7192982456140351,6.0,3.1666666666666665,3.1666666666666665,5.0,0.0993011569998998,,286,9,9,0.5.0
breast-cancer,13,c50py_winnow,4,0.7894736842105263,4.0,2.25,2.25,3.0,0.1990047960002812,,286,9,9,0.5.0
breast-cancer,13,c50py_rules,0,0.7068965517241379,9.0,3.111111111111111,3.111111111111111,8.0,0.0745590029991944,,286,9,9,0.5.0
breast-cancer,13,c50py_rules,1,0.7368421052631579,5.0,2.6,2.6,7.0,0.0786999550000473,,286,9,9,0.5.0
breast-cancer,13,c50py_rules,2,0.7368421052631579,3.0,1.3333333333333333,1.3333333333333333,2.0,0.0654768730000796,,286,9,9,0.5.0
breast-cancer,13,c50py_rules,3,0.7192982456140351,6.0,2.6666666666666665,2.6666666666666665,5.0,0.0712018419999367,,286,9,9,0.5.0
breast-cancer,13,c50py_rules,4,0.7192982456140351,5.0,2.2,2.2,5.0,0.0695894989994485,,286,9,9,0.5.0
breast-cancer,13,c50py_boost,0,0.6724137931034483,,,,,0.5777016719998755,10.0,286,9,9,0.5.0
breast-cancer,13,c50py_boost,1,0.7017543859649122,,,,,0.5810457100001258,10.0,286,9,9,0.5.0
breast-cancer,13,c50py_boost,2,0.7192982456140351,,,,,0.5211989139997968,10.0,286,9,9,0.5.0
breast-cancer,13,c50py_boost,3,0.7192982456140351,,,,,0.6626343900002212,10.0,286,9,9,0.5.0
breast-cancer,13,c50py_boost,4,0.7368421052631579,,,,,0.6338369999998577,10.0,286,9,9,0.5.0
breast-cancer,13,cart,0,0.6379310344827587,74.0,8.81081081081081,6.027027027027027,9.0,0.0017575299998497,,286,9,9,0.5.0
breast-cancer,13,cart,1,0.7017543859649122,75.0,9.266666666666667,6.226666666666667,9.0,0.0017785869999897,,286,9,9,0.5.0
breast-cancer,13,cart,2,0.5789473684210527,70.0,10.414285714285716,6.342857142857143,9.0,0.0017060049999599,,286,9,9,0.5.0
breast-cancer,13,cart,3,0.6666666666666666,74.0,9.891891891891891,6.337837837837838,9.0,0.0024746949998188,,286,9,9,0.5.0
breast-cancer,13,cart,4,0.7192982456140351,69.0,8.420289855072463,5.797101449275362,9.0,0.0018075230000249,,286,9,9,0.5.0
breast-cancer,13,cart_cv,0,0.7758620689655172,6.0,2.833333333333333,2.833333333333333,5.0,1.7326440219999313,,286,9,9,0.5.0
breast-cancer,13,cart_cv,1,0.6842105263157895,17.0,5.235294117647059,4.470588235294118,8.0,1.75231354799962,,286,9,9,0.5.0
breast-cancer,13,cart_cv,2,0.7368421052631579,3.0,1.6666666666666667,1.6666666666666667,2.0,1.923782713000037,,286,9,9,0.5.0
breast-cancer,13,cart_cv,3,0.631578947368421,2.0,1.0,1.0,1.0,1.935096248000264,,286,9,9,0.5.0
breast-cancer,13,cart_cv,4,0.6842105263157895,10.0,3.7,3.7,6.0,1.8991411859997245,,286,9,9,0.5.0
breast-cancer,13,hgb,0,0.7241379310344828,,,,,0.0529109349999998,,286,9,9,0.5.0
breast-cancer,13,hgb,1,0.6666666666666666,,,,,0.0439658369996323,,286,9,9,0.5.0
breast-cancer,13,hgb,2,0.6842105263157895,,,,,0.056944428999941,,286,9,9,0.5.0
breast-cancer,13,hgb,3,0.6842105263157895,,,,,0.055579944999863,,286,9,9,0.5.0
breast-cancer,13,hgb,4,0.6666666666666666,,,,,0.0630562800001826,,286,9,9,0.5.0
breast-cancer,13,C5.0_R,0,0.793103448275862,9.0,,,5.0,0.018,,286,9,9,0.5.0
breast-cancer,13,C5.0_R,1,0.719298245614035,9.0,,,6.0,0.0109999999999999,,286,9,9,0.5.0
breast-cancer,13,C5.0_R,2,0.736842105263158,3.0,,,2.0,0.0110000000000001,,286,9,9,0.5.0
breast-cancer,13,C5.0_R,3,0.719298245614035,3.0,,,2.0,0.0109999999999999,,286,9,9,0.5.0
breast-cancer,13,C5.0_R,4,0.684210526315789,11.0,,,5.0,0.01,,286,9,9,0.5.0
breast-cancer,13,C5.0_R_rules,0,0.793103448275862,5.0,,,5.0,0.012,,286,9,9,0.5.0
breast-cancer,13,C5.0_R_rules,1,0.736842105263158,6.0,,,5.0,0.012,,286,9,9,0.5.0
breast-cancer,13,C5.0_R_rules,2,0.736842105263158,3.0,,,2.0,0.012,,286,9,9,0.5.0
breast-cancer,13,C5.0_R_rules,3,0.719298245614035,3.0,,,2.0,0.0109999999999999,,286,9,9,0.5.0
breast-cancer,13,C5.0_R_rules,4,0.701754385964912,5.0,,,5.0,0.0109999999999999,,286,9,9,0.5.0
breast-cancer,13,C5.0_R_boost,0,0.758620689655172,,,,,0.016,,286,9,9,0.5.0
breast-cancer,13,C5.0_R_boost,1,0.719298245614035,,,,,0.012,,286,9,9,0.5.0
breast-cancer,13,C5.0_R_boost,2,0.736842105263158,,,,,0.0110000000000001,,286,9,9,0.5.0
breast-cancer,13,C5.0_R_boost,3,0.719298245614035,,,,,0.0110000000000001,,286,9,9,0.5.0
breast-cancer,13,C5.0_R_boost,4,0.701754385964912,,,,,0.012,,286,9,9,0.5.0
mushroom,24,c50py,0,1.0,8.0,3.875,3.875,7.0,0.2160411170002589,,8124,21,21,0.5.0
mushroom,24,c50py,1,1.0,8.0,3.875,3.875,7.0,0.303444249000222,,8124,21,21,0.5.0
mushroom,24,c50py,2,1.0,8.0,3.875,3.875,7.0,0.2705701019999651,,8124,21,21,0.5.0
mushroom,24,c50py,3,0.9987692307692309,7.0,3.571428571428572,3.571428571428572,6.0,0.2224642069995752,,8124,21,21,0.5.0
mushroom,24,c50py,4,1.0,8.0,3.875,3.875,7.0,0.2196604979999392,,8124,21,21,0.5.0
mushroom,24,c50py_cv,0,1.0,8.0,3.875,3.875,7.0,2.2833593649997965,,8124,21,21,0.5.0
mushroom,24,c50py_cv,1,1.0,8.0,3.875,3.875,7.0,2.161451925000165,,8124,21,21,0.5.0
mushroom,24,c50py_cv,2,1.0,8.0,3.875,3.875,7.0,4.645519031000276,,8124,21,21,0.5.0
mushroom,24,c50py_cv,3,0.9987692307692309,7.0,3.571428571428572,3.571428571428572,6.0,2.6296905250001146,,8124,21,21,0.5.0
mushroom,24,c50py_cv,4,1.0,8.0,3.875,3.875,7.0,2.5550514569999905,,8124,21,21,0.5.0
mushroom,24,c50py_winnow,0,1.0,8.0,3.875,3.875,7.0,0.8653614009999728,,8124,21,21,0.5.0
mushroom,24,c50py_winnow,1,1.0,8.0,3.875,3.875,7.0,0.7870091599997977,,8124,21,21,0.5.0
mushroom,24,c50py_winnow,2,1.0,7.0,3.571428571428572,3.2857142857142856,5.0,1.3262265419998585,,8124,21,21,0.5.0
mushroom,24,c50py_winnow,3,0.9987692307692309,7.0,3.571428571428572,3.571428571428572,6.0,0.5367887110000993,,8124,21,21,0.5.0
mushroom,24,c50py_winnow,4,1.0,8.0,3.875,3.625,6.0,0.6267746089997672,,8124,21,21,0.5.0
mushroom,24,c50py_rules,0,0.9993846153846154,7.0,2.0,2.0,7.0,0.3062979070000438,,8124,21,21,0.5.0
mushroom,24,c50py_rules,1,0.9981538461538462,6.0,1.8333333333333333,1.8333333333333333,6.0,0.2827989099996557,,8124,21,21,0.5.0
mushroom,24,c50py_rules,2,1.0,7.0,2.0,2.0,7.0,0.2759930089996487,,8124,21,21,0.5.0
mushroom,24,c50py_rules,3,0.9975384615384616,5.0,2.2,2.2,5.0,0.3117522729999109,,8124,21,21,0.5.0
mushroom,24,c50py_rules,4,0.998768472906404,7.0,2.0,2.0,7.0,0.3146511660006581,,8124,21,21,0.5.0
mushroom,24,c50py_boost,0,1.0,,,,,0.2763983999998345,1.0,8124,21,21,0.5.0
mushroom,24,c50py_boost,1,1.0,,,,,0.2010417070000585,1.0,8124,21,21,0.5.0
mushroom,24,c50py_boost,2,1.0,,,,,0.2307005329998901,1.0,8124,21,21,0.5.0
mushroom,24,c50py_boost,3,1.0,,,,,0.4440630399999463,2.0,8124,21,21,0.5.0
mushroom,24,c50py_boost,4,1.0,,,,,0.2156664379999711,1.0,8124,21,21,0.5.0
mushroom,24,cart,0,1.0,15.0,4.6,3.933333333333333,10.0,0.0217688830002771,,8124,21,21,0.5.0
mushroom,24,cart,1,1.0,14.0,4.357142857142857,3.642857142857143,9.0,0.0206089090002024,,8124,21,21,0.5.0
mushroom,24,cart,2,1.0,14.0,4.428571428571429,3.7857142857142856,10.0,0.0200096050002684,,8124,21,21,0.5.0
mushroom,24,cart,3,0.9987692307692309,14.0,4.428571428571429,3.571428571428572,9.0,0.0209203719996367,,8124,21,21,0.5.0
mushroom,24,cart,4,1.0,14.0,4.428571428571429,3.7857142857142856,9.0,0.0227200019999145,,8124,21,21,0.5.0
mushroom,24,cart_cv,0,1.0,14.0,4.357142857142857,3.642857142857143,8.0,11.653396510999755,,8124,21,21,0.5.0
mushroom,24,cart_cv,1,1.0,14.0,4.357142857142857,3.642857142857143,9.0,11.324009725999986,,8124,21,21,0.5.0
mushroom,24,cart_cv,2,1.0,14.0,4.428571428571429,3.7857142857142856,10.0,13.123622337000144,,8124,21,21,0.5.0
mushroom,24,cart_cv,3,0.9987692307692309,14.0,4.428571428571429,3.571428571428572,9.0,13.938347475000228,,8124,21,21,0.5.0
mushroom,24,cart_cv,4,1.0,14.0,4.428571428571429,3.7857142857142856,9.0,11.769713956000032,,8124,21,21,0.5.0
mushroom,24,hgb,0,1.0,,,,,0.2732801239999389,,8124,21,21,0.5.0
mushroom,24,hgb,1,1.0,,,,,0.2182307409998429,,8124,21,21,0.5.0
mushroom,24,hgb,2,1.0,,,,,0.2091692660001172,,8124,21,21,0.5.0
mushroom,24,hgb,3,1.0,,,,,0.2990782269998817,,8124,21,21,0.5.0
mushroom,24,hgb,4,1.0,,,,,0.2418415509996521,,8124,21,21,0.5.0
mushroom,24,C5.0_R,0,1.0,9.0,,,6.0,0.162,,8124,21,21,0.5.0
mushroom,24,C5.0_R,1,0.999384615384615,8.0,,,5.0,0.13,,8124,21,21,0.5.0
mushroom,24,C5.0_R,2,1.0,9.0,,,6.0,0.127,,8124,21,21,0.5.0
mushroom,24,C5.0_R,3,0.998769230769231,7.0,,,5.0,0.166,,8124,21,21,0.5.0
mushroom,24,C5.0_R,4,0.999384236453202,7.0,,,5.0,0.127,,8124,21,21,0.5.0
mushroom,24,C5.0_R_rules,0,0.999384615384615,7.0,,,6.0,0.155,,8124,21,21,0.5.0
mushroom,24,C5.0_R_rules,1,0.996307692307692,6.0,,,5.0,0.134,,8124,21,21,0.5.0
mushroom,24,C5.0_R_rules,2,1.0,7.0,,,6.0,0.132,,8124,21,21,0.5.0
mushroom,24,C5.0_R_rules,3,0.997538461538461,7.0,,,5.0,0.138,,8124,21,21,0.5.0
mushroom,24,C5.0_R_rules,4,0.998768472906404,7.0,,,5.0,0.123,,8124,21,21,0.5.0
mushroom,24,C5.0_R_boost,0,1.0,,,,,0.134,,8124,21,21,0.5.0
mushroom,24,C5.0_R_boost,1,1.0,,,,,0.181,,8124,21,21,0.5.0
mushroom,24,C5.0_R_boost,2,1.0,,,,,0.135,,8124,21,21,0.5.0
mushroom,24,C5.0_R_boost,3,1.0,,,,,0.245,,8124,21,21,0.5.0
mushroom,24,C5.0_R_boost,4,1.0,,,,,0.149,,8124,21,21,0.5.0
colic,25,c50py,0,0.8783783783783784,8.0,4.25,3.5,6.0,0.2107021630004055,,368,26,19,0.5.0
colic,25,c50py,1,0.7837837837837838,9.0,4.0,3.7777777777777777,7.0,0.2021794659999614,,368,26,19,0.5.0
colic,25,c50py,2,0.8243243243243243,4.0,2.25,1.75,2.0,0.3090727519997926,,368,26,19,0.5.0
colic,25,c50py,3,0.8356164383561644,8.0,4.0,3.75,6.0,0.4036148760001197,,368,26,19,0.5.0
colic,25,c50py,4,0.8493150684931506,5.0,2.4,2.4,3.0,0.2821260579999034,,368,26,19,0.5.0
colic,25,c50py_cv,0,0.8648648648648649,14.0,5.428571428571429,4.785714285714286,10.0,2.2821794450001107,,368,26,19,0.5.0
colic,25,c50py_cv,1,0.7972972972972973,5.0,2.8,2.4,3.0,2.427384785999948,,368,26,19,0.5.0
colic,25,c50py_cv,2,0.8243243243243243,4.0,2.25,1.75,2.0,1.9621807029998308,,368,26,19,0.5.0
colic,25,c50py_cv,3,0.8356164383561644,8.0,4.0,3.75,6.0,3.4341729419998046,,368,26,19,0.5.0
colic,25,c50py_cv,4,0.8767123287671232,4.0,2.0,2.0,2.0,3.892581287000212,,368,26,19,0.5.0
colic,25,c50py_winnow,0,0.8648648648648649,4.0,2.25,1.75,2.0,0.2349273830000129,,368,26,19,0.5.0
colic,25,c50py_winnow,1,0.8378378378378378,10.0,4.1,3.2,6.0,0.1922047000002749,,368,26,19,0.5.0
colic,25,c50py_winnow,2,0.8243243243243243,6.0,3.333333333333333,2.6666666666666665,4.0,0.3875463449999188,,368,26,19,0.5.0
colic,25,c50py_winnow,3,0.863013698630137,6.0,3.333333333333333,3.0,4.0,0.2923237899999549,,368,26,19,0.5.0
colic,25,c50py_winnow,4,0.863013698630137,3.0,1.6666666666666667,1.6666666666666667,2.0,0.5080127139999604,,368,26,19,0.5.0
colic,25,c50py_rules,0,0.8648648648648649,4.0,2.0,2.0,5.0,0.1993688050006312,,368,26,19,0.5.0
colic,25,c50py_rules,1,0.7972972972972973,4.0,2.5,2.5,7.0,0.1859685769995849,,368,26,19,0.5.0
colic,25,c50py_rules,2,0.8243243243243243,4.0,1.5,1.5,2.0,0.2112510220003969,,368,26,19,0.5.0
colic,25,c50py_rules,3,0.7945205479452054,4.0,2.5,2.25,5.0,0.1918895290000364,,368,26,19,0.5.0
colic,25,c50py_rules,4,0.8493150684931506,4.0,1.75,1.75,3.0,0.2652790050005933,,368,26,19,0.5.0
colic,25,c50py_boost,0,0.8783783783783784,,,,,2.0891550439996536,10.0,368,26,19,0.5.0
colic,25,c50py_boost,1,0.8378378378378378,,,,,2.4888668660000803,10.0,368,26,19,0.5.0
colic,25,c50py_boost,2,0.8243243243243243,,,,,1.59854769399999,10.0,368,26,19,0.5.0
colic,25,c50py_boost,3,0.8904109589041096,,,,,1.9912948770002004,10.0,368,26,19,0.5.0
colic,25,c50py_boost,4,0.9315068493150684,,,,,2.147308091000013,10.0,368,26,19,0.5.0
colic,25,cart,0,0.8108108108108109,34.0,6.529411764705882,5.117647058823529,16.0,0.0051621830002659,,368,26,19,0.5.0
colic,25,cart,1,0.8243243243243243,33.0,6.333333333333333,4.545454545454546,14.0,0.0141881300000932,,368,26,19,0.5.0
colic,25,cart,2,0.7702702702702703,33.0,6.575757575757576,4.878787878787879,14.0,0.0053993249998711,,368,26,19,0.5.0
colic,25,cart,3,0.7534246575342466,35.0,6.771428571428571,5.142857142857143,16.0,0.0037989429997651,,368,26,19,0.5.0
colic,25,cart,4,0.8767123287671232,31.0,5.806451612903226,5.0,15.0,0.0031729610000184,,368,26,19,0.5.0
colic,25,cart_cv,0,0.8648648648648649,4.0,2.0,2.0,3.0,2.336529045000134,,368,26,19,0.5.0
colic,25,cart_cv,1,0.8513513513513513,11.0,3.727272727272727,3.363636363636364,6.0,2.6929302580001604,,368,26,19,0.5.0
colic,25,cart_cv,2,0.8513513513513513,4.0,2.0,2.0,3.0,2.7783315719998427,,368,26,19,0.5.0
colic,25,cart_cv,3,0.863013698630137,4.0,2.25,2.25,3.0,2.503853329999856,,368,26,19,0.5.0
colic,25,cart_cv,4,0.9041095890410958,4.0,2.0,2.0,3.0,2.237747078999746,,368,26,19,0.5.0
colic,25,hgb,0,0.8783783783783784,,,,,0.0899897809999856,,368,26,19,0.5.0
colic,25,hgb,1,0.8378378378378378,,,,,0.1217160350001904,,368,26,19,0.5.0
colic,25,hgb,2,0.8378378378378378,,,,,0.2718875460000163,,368,26,19,0.5.0
colic,25,hgb,3,0.8493150684931506,,,,,0.0939869579997321,,368,26,19,0.5.0
colic,25,hgb,4,0.9041095890410958,,,,,0.074786658999983,,368,26,19,0.5.0
colic,25,C5.0_R,0,0.851351351351351,3.0,,,2.0,0.03,,368,26,19,0.5.0
colic,25,C5.0_R,1,0.837837837837838,3.0,,,2.0,0.014,,368,26,19,0.5.0
colic,25,C5.0_R,2,0.851351351351351,3.0,,,2.0,0.012,,368,26,19,0.5.0
colic,25,C5.0_R,3,0.863013698630137,3.0,,,2.0,0.0130000000000001,,368,26,19,0.5.0
colic,25,C5.0_R,4,0.849315068493151,3.0,,,2.0,0.0130000000000001,,368,26,19,0.5.0
colic,25,C5.0_R_rules,0,0.824324324324324,3.0,,,2.0,0.0150000000000001,,368,26,19,0.5.0
colic,25,C5.0_R_rules,1,0.851351351351351,3.0,,,2.0,0.014,,368,26,19,0.5.0
colic,25,C5.0_R_rules,2,0.851351351351351,3.0,,,2.0,0.0139999999999998,,368,26,19,0.5.0
colic,25,C5.0_R_rules,3,0.863013698630137,3.0,,,2.0,0.0129999999999999,,368,26,19,0.5.0
colic,25,C5.0_R_rules,4,0.835616438356164,3.0,,,2.0,0.016,,368,26,19,0.5.0
colic,25,C5.0_R_boost,0,0.851351351351351,,,,,0.0169999999999999,,368,26,19,0.5.0
colic,25,C5.0_R_boost,1,0.824324324324324,,,,,0.0170000000000001,,368,26,19,0.5.0
colic,25,C5.0_R_boost,2,0.837837837837838,,,,,0.0230000000000001,,368,26,19,0.5.0
colic,25,C5.0_R_boost,3,0.904109589041096,,,,,0.018,,368,26,19,0.5.0
colic,25,C5.0_R_boost,4,0.89041095890411,,,,,0.0169999999999999,,368,26,19,0.5.0
nursery,26,c50py,0,0.992,142.0,9.47887323943662,6.316901408450704,8.0,0.5551663010000993,,10000,8,8,0.5.0
nursery,26,c50py,1,0.988,135.0,9.333333333333334,6.318518518518519,8.0,0.3604121059997851,,10000,8,8,0.5.0
nursery,26,c50py,2,0.992,139.0,9.388489208633093,6.323741007194244,8.0,0.404873279000185,,10000,8,8,0.5.0
nursery,26,c50py,3,0.9885,135.0,9.362962962962962,6.311111111111111,8.0,0.978627960999802,,10000,8,8,0.5.0
nursery,26,c50py,4,0.991,135.0,9.251851851851852,6.311111111111111,8.0,0.4590117980001196,,10000,8,8,0.5.0
nursery,26,c50py_cv,0,0.992,142.0,9.47887323943662,6.316901408450704,8.0,4.670143880000069,,10000,8,8,0.5.0
nursery,26,c50py_cv,1,0.9895,146.0,9.321917808219178,6.342465753424658,8.0,5.480298755999684,,10000,8,8,0.5.0
nursery,26,c50py_cv,2,0.992,144.0,9.38888888888889,6.361111111111111,8.0,4.585796202999973,,10000,8,8,0.5.0
nursery,26,c50py_cv,3,0.9885,143.0,9.314685314685317,6.34965034965035,8.0,7.122773204000168,,10000,8,8,0.5.0
nursery,26,c50py_cv,4,0.991,135.0,9.251851851851852,6.311111111111111,8.0,4.835646775999976,,10000,8,8,0.5.0
nursery,26,c50py_winnow,0,0.992,142.0,9.47887323943662,6.316901408450704,8.0,0.9175570550000884,,10000,8,8,0.5.0
nursery,26,c50py_winnow,1,0.988,135.0,9.333333333333334,6.318518518518519,8.0,1.0615494710000348,,10000,8,8,0.5.0
nursery,26,c50py_winnow,2,0.992,139.0,9.388489208633093,6.323741007194244,8.0,1.074119050000263,,10000,8,8,0.5.0
nursery,26,c50py_winnow,3,0.9885,135.0,9.362962962962962,6.311111111111111,8.0,0.988787212999796,,10000,8,8,0.5.0
nursery,26,c50py_winnow,4,0.991,135.0,9.251851851851852,6.311111111111111,8.0,1.4265035700000226,,10000,8,8,0.5.0
nursery,26,c50py_rules,0,0.9925,82.0,4.7073170731707314,4.7073170731707314,8.0,2.197890364000159,,10000,8,8,0.5.0
nursery,26,c50py_rules,1,0.9885,68.0,4.882352941176471,4.882352941176471,8.0,2.542643450000469,,10000,8,8,0.5.0
nursery,26,c50py_rules,2,0.995,74.0,4.878378378378378,4.878378378378378,8.0,2.652600499000073,,10000,8,8,0.5.0
nursery,26,c50py_rules,3,0.991,67.0,4.865671641791045,4.865671641791045,8.0,2.458539166999799,,10000,8,8,0.5.0
nursery,26,c50py_rules,4,0.9945,78.0,4.756410256410256,4.756410256410256,8.0,2.138788444999591,,10000,8,8,0.5.0
nursery,26,c50py_boost,0,0.9995,,,,,6.44336492399998,10.0,10000,8,8,0.5.0
nursery,26,c50py_boost,1,0.9965,,,,,4.316692562999833,10.0,10000,8,8,0.5.0
nursery,26,c50py_boost,2,0.9975,,,,,4.459319658000368,10.0,10000,8,8,0.5.0
nursery,26,c50py_boost,3,0.9975,,,,,5.013180015000216,10.0,10000,8,8,0.5.0
nursery,26,c50py_boost,4,0.9975,,,,,8.26557254799991,10.0,10000,8,8,0.5.0
nursery,26,cart,0,0.996,206.0,10.266990291262136,6.402912621359223,8.0,0.0268083470000419,,10000,8,8,0.5.0
nursery,26,cart,1,0.995,213.0,10.309859154929578,6.450704225352113,8.0,0.0171812829998998,,10000,8,8,0.5.0
nursery,26,cart,2,0.996,202.0,10.242574257425742,6.48019801980198,8.0,0.0342296930002703,,10000,8,8,0.5.0
nursery,26,cart,3,0.995,213.0,10.258215962441314,6.483568075117371,8.0,0.0176751999997577,,10000,8,8,0.5.0
nursery,26,cart,4,0.9925,210.0,10.290476190476191,6.457142857142857,8.0,0.0397449789998063,,10000,8,8,0.5.0
nursery,26,cart_cv,0,0.996,195.0,10.153846153846152,6.328205128205128,8.0,10.347558426999967,,10000,8,8,0.5.0
nursery,26,cart_cv,1,0.995,213.0,10.309859154929578,6.450704225352113,8.0,8.614513094000358,,10000,8,8,0.5.0
nursery,26,cart_cv,2,0.996,202.0,10.242574257425742,6.48019801980198,8.0,17.001865110999915,,10000,8,8,0.5.0
nursery,26,cart_cv,3,0.995,213.0,10.258215962441314,6.483568075117371,8.0,8.786556283999744,,10000,8,8,0.5.0
nursery,26,cart_cv,4,0.9915,193.0,10.300518134715023,6.435233160621761,8.0,15.535934461000124,,10000,8,8,0.5.0
nursery,26,hgb,0,0.9115,,,,,1.3137611540000762,,10000,8,8,0.5.0
nursery,26,hgb,1,0.9415,,,,,1.059034225999767,,10000,8,8,0.5.0
nursery,26,hgb,2,0.9015,,,,,2.349195667000004,,10000,8,8,0.5.0
nursery,26,hgb,3,0.979,,,,,0.9691507000002276,,10000,8,8,0.5.0
nursery,26,hgb,4,0.862,,,,,1.0469170479996135,,10000,8,8,0.5.0
nursery,26,C5.0_R,0,0.9915,141.0,,,8.0,0.157,,10000,8,8,0.5.0
nursery,26,C5.0_R,1,0.9895,135.0,,,8.0,0.137,,10000,8,8,0.5.0
nursery,26,C5.0_R,2,0.9915,136.0,,,8.0,0.142,,10000,8,8,0.5.0
nursery,26,C5.0_R,3,0.988,135.0,,,8.0,0.132,,10000,8,8,0.5.0
nursery,26,C5.0_R,4,0.9885,127.0,,,8.0,0.144,,10000,8,8,0.5.0
nursery,26,C5.0_R_rules,0,0.994,77.0,,,8.0,0.248,,10000,8,8,0.5.0
nursery,26,C5.0_R_rules,1,0.9915,72.0,,,8.0,0.201,,10000,8,8,0.5.0
nursery,26,C5.0_R_rules,2,0.994,84.0,,,8.0,0.195,,10000,8,8,0.5.0
nursery,26,C5.0_R_rules,3,0.9905,79.0,,,8.0,0.193,,10000,8,8,0.5.0
nursery,26,C5.0_R_rules,4,0.9915,80.0,,,8.0,0.195,,10000,8,8,0.5.0
nursery,26,C5.0_R_boost,0,0.996,,,,,0.173,,10000,8,8,0.5.0
nursery,26,C5.0_R_boost,1,0.9965,,,,,0.193,,10000,8,8,0.5.0
nursery,26,C5.0_R_boost,2,0.9955,,,,,0.177,,10000,8,8,0.5.0
nursery,26,C5.0_R_boost,3,0.9975,,,,,0.244,,10000,8,8,0.5.0
nursery,26,C5.0_R_boost,4,0.9965,,,,,0.273,,10000,8,8,0.5.0
credit-approval,29,c50py,0,0.7971014492753623,13.0,5.846153846153846,5.6923076923076925,10.0,0.2583480640000744,,690,15,9,0.5.0
credit-approval,29,c50py,1,0.8478260869565217,14.0,5.5,5.0,8.0,0.1957831479999185,,690,15,9,0.5.0
credit-approval,29,c50py,2,0.8623188405797102,21.0,5.714285714285714,5.047619047619048,11.0,0.1809385310002653,,690,15,9,0.5.0
credit-approval,29,c50py,3,0.8405797101449275,30.0,6.666666666666667,6.366666666666666,14.0,0.1830288749997635,,690,15,9,0.5.0
credit-approval,29,c50py,4,0.8695652173913043,24.0,5.916666666666667,5.041666666666667,11.0,0.3734793149997131,,690,15,9,0.5.0
credit-approval,29,c50py_cv,0,0.7971014492753623,13.0,5.846153846153846,5.6923076923076925,10.0,1.9290308459999324,,690,15,9,0.5.0
credit-approval,29,c50py_cv,1,0.8405797101449275,10.0,5.1,4.9,8.0,1.629364343999896,,690,15,9,0.5.0
credit-approval,29,c50py_cv,2,0.8405797101449275,8.0,4.25,4.0,6.0,1.8908203910000336,,690,15,9,0.5.0
credit-approval,29,c50py_cv,3,0.8260869565217391,19.0,5.842105263157895,5.684210526315789,12.0,3.919915680000031,,690,15,9,0.5.0
credit-approval,29,c50py_cv,4,0.8695652173913043,24.0,5.916666666666667,5.041666666666667,11.0,3.25262338199991,,690,15,9,0.5.0
credit-approval,29,c50py_winnow,0,0.7898550724637681,12.0,5.416666666666667,5.083333333333333,8.0,0.2338344519998827,,690,15,9,0.5.0
credit-approval,29,c50py_winnow,1,0.8405797101449275,12.0,5.0,4.5,7.0,0.3402245479996963,,690,15,9,0.5.0
credit-approval,29,c50py_winnow,2,0.8695652173913043,24.0,7.25,6.333333333333333,10.0,0.2777190169999812,,690,15,9,0.5.0
credit-approval,29,c50py_winnow,3,0.8333333333333334,21.0,6.047619047619048,5.809523809523809,12.0,0.6949686419998216,,690,15,9,0.5.0
credit-approval,29,c50py_winnow,4,0.8985507246376812,10.0,4.4,4.4,8.0,0.6442583990001367,,690,15,9,0.5.0
credit-approval,29,c50py_rules,0,0.7898550724637681,6.0,3.0,3.0,10.0,0.1844528820001869,,690,15,9,0.5.0
credit-approval,29,c50py_rules,1,0.855072463768116,7.0,3.2857142857142856,3.142857142857143,8.0,0.1946662420004941,,690,15,9,0.5.0
credit-approval,29,c50py_rules,2,0.855072463768116,11.0,3.1818181818181817,3.1818181818181817,11.0,0.2111701110006834,,690,15,9,0.5.0
credit-approval,29,c50py_rules,3,0.8188405797101449,14.0,3.5,3.4285714285714284,13.0,0.2152510959995197,,690,15,9,0.5.0
credit-approval,29,c50py_rules,4,0.8623188405797102,10.0,3.3,3.1,11.0,0.2078278839999257,,690,15,9,0.5.0
credit-approval,29,c50py_boost,0,0.8188405797101449,,,,,1.5683106120000048,10.0,690,15,9,0.5.0
credit-approval,29,c50py_boost,1,0.8043478260869565,,,,,1.576946033999775,10.0,690,15,9,0.5.0
credit-approval,29,c50py_boost,2,0.855072463768116,,,,,2.234298763999959,10.0,690,15,9,0.5.0
credit-approval,29,c50py_boost,3,0.9130434782608696,,,,,3.779148694000014,10.0,690,15,9,0.5.0
credit-approval,29,c50py_boost,4,0.8768115942028986,,,,,4.463601660999757,10.0,690,15,9,0.5.0
credit-approval,29,cart,0,0.8115942028985508,70.0,7.685714285714286,6.071428571428571,13.0,0.0038569299999835,,690,15,9,0.5.0
credit-approval,29,cart,1,0.8188405797101449,73.0,8.095890410958905,6.287671232876712,14.0,0.0035897489997296,,690,15,9,0.5.0
credit-approval,29,cart,2,0.7536231884057971,74.0,7.608108108108108,5.77027027027027,13.0,0.0046309640001709,,690,15,9,0.5.0
credit-approval,29,cart,3,0.8478260869565217,69.0,7.942028985507246,6.333333333333333,14.0,0.0074901170000885,,690,15,9,0.5.0
credit-approval,29,cart,4,0.8840579710144928,74.0,7.445945945945946,5.9324324324324325,14.0,0.0089963000000352,,690,15,9,0.5.0
credit-approval,29,cart_cv,0,0.8115942028985508,5.0,2.8,2.8,4.0,2.2804337079996917,,690,15,9,0.5.0
credit-approval,29,cart_cv,1,0.8405797101449275,6.0,2.833333333333333,2.833333333333333,5.0,2.459253543000159,,690,15,9,0.5.0
credit-approval,29,cart_cv,2,0.8695652173913043,6.0,2.833333333333333,2.833333333333333,5.0,2.7177276539996456,,690,15,9,0.5.0
credit-approval,29,cart_cv,3,0.9057971014492754,2.0,1.0,1.0,1.0,4.673043243999928,,690,15,9,0.5.0
credit-approval,29,cart_cv,4,0.8985507246376812,6.0,2.833333333333333,2.833333333333333,5.0,4.361403598999914,,690,15,9,0.5.0
credit-approval,29,hgb,0,0.8115942028985508,,,,,0.1516143440003361,,690,15,9,0.5.0
credit-approval,29,hgb,1,0.8478260869565217,,,,,0.1271847899997737,,690,15,9,0.5.0
credit-approval,29,hgb,2,0.8623188405797102,,,,,0.11722441899974,,690,15,9,0.5.0
credit-approval,29,hgb,3,0.8913043478260869,,,,,0.2190686970002389,,690,15,9,0.5.0
credit-approval,29,hgb,4,0.8840579710144928,,,,,0.1199779710000257,,690,15,9,0.5.0
credit-approval,29,C5.0_R,0,0.811594202898551,9.0,,,7.0,0.026,,690,15,9,0.5.0
credit-approval,29,C5.0_R,1,0.847826086956522,9.0,,,5.0,0.016,,690,15,9,0.5.0
credit-approval,29,C5.0_R,2,0.847826086956522,2.0,,,1.0,0.0299999999999998,,690,15,9,0.5.0
credit-approval,29,C5.0_R,3,0.898550724637681,13.0,,,8.0,0.0149999999999999,,690,15,9,0.5.0
credit-approval,29,C5.0_R,4,0.898550724637681,7.0,,,5.0,0.018,,690,15,9,0.5.0
credit-approval,29,C5.0_R_rules,0,0.818840579710145,9.0,,,7.0,0.016,,690,15,9,0.5.0
credit-approval,29,C5.0_R_rules,1,0.847826086956522,8.0,,,5.0,0.016,,690,15,9,0.5.0
credit-approval,29,C5.0_R_rules,2,0.847826086956522,2.0,,,1.0,0.0170000000000001,,690,15,9,0.5.0
credit-approval,29,C5.0_R_rules,3,0.891304347826087,9.0,,,8.0,0.0150000000000001,,690,15,9,0.5.0
credit-approval,29,C5.0_R_rules,4,0.898550724637681,7.0,,,5.0,0.014,,690,15,9,0.5.0
credit-approval,29,C5.0_R_boost,0,0.797101449275362,,,,,0.028,,690,15,9,0.5.0
credit-approval,29,C5.0_R_boost,1,0.855072463768116,,,,,0.0269999999999999,,690,15,9,0.5.0
credit-approval,29,C5.0_R_boost,2,0.876811594202899,,,,,0.0189999999999999,,690,15,9,0.5.0
credit-approval,29,C5.0_R_boost,3,0.905797101449275,,,,,0.0349999999999999,,690,15,9,0.5.0
credit-approval,29,C5.0_R_boost,4,0.884057971014493,,,,,0.0350000000000001,,690,15,9,0.5.0
credit-g,31,c50py,0,0.71,69.0,10.014492753623188,7.884057971014493,20.0,0.6205623129999367,,1000,20,13,0.5.0
credit-g,31,c50py,1,0.71,62.0,10.5,7.838709677419355,20.0,0.7111117149997881,,1000,20,13,0.5.0
credit-g,31,c50py,2,0.77,50.0,8.8,7.08,18.0,1.054694253999969,,1000,20,13,0.5.0
credit-g,31,c50py,3,0.72,71.0,9.295774647887324,6.816901408450704,20.0,0.4540218950000962,,1000,20,13,0.5.0
credit-g,31,c50py,4,0.705,72.0,8.61111111111111,7.347222222222222,18.0,0.7620329440001115,,1000,20,13,0.5.0
credit-g,31,c50py_cv,0,0.71,69.0,10.014492753623188,7.884057971014493,20.0,5.001518343000043,,1000,20,13,0.5.0
credit-g,31,c50py_cv,1,0.73,29.0,8.482758620689655,7.206896551724138,17.0,4.250843983999857,,1000,20,13,0.5.0
credit-g,31,c50py_cv,2,0.79,18.0,7.333333333333333,6.055555555555555,12.0,9.048193827999969,,1000,20,13,0.5.0
credit-g,31,c50py_cv,3,0.73,13.0,6.461538461538462,4.846153846153846,8.0,5.016295908000302,,1000,20,13,0.5.0
credit-g,31,c50py_cv,4,0.72,10.0,4.4,4.4,8.0,8.483181618999879,,1000,20,13,0.5.0
credit-g,31,c50py_winnow,0,0.71,69.0,10.014492753623188,7.884057971014493,20.0,1.0470269369998275,,1000,20,13,0.5.0
credit-g,31,c50py_winnow,1,0.71,62.0,10.5,7.838709677419355,20.0,1.400029601999904,,1000,20,13,0.5.0
credit-g,31,c50py_winnow,2,0.775,42.0,9.428571428571429,7.166666666666667,14.0,1.0067767509999612,,1000,20,13,0.5.0
credit-g,31,c50py_winnow,3,0.74,36.0,7.361111111111111,4.472222222222222,9.0,0.656653157999699,,1000,20,13,0.5.0
credit-g,31,c50py_winnow,4,0.755,68.0,8.014705882352942,6.382352941176471,13.0,1.842727237999952,,1000,20,13,0.5.0
credit-g,31,c50py_rules,0,0.705,30.0,4.633333333333334,4.633333333333334,20.0,0.607042444000399,,1000,20,13,0.5.0
credit-g,31,c50py_rules,1,0.715,19.0,4.842105263157895,4.842105263157895,20.0,0.7073750900008235,,1000,20,13,0.5.0
credit-g,31,c50py_rules,2,0.77,21.0,4.142857142857143,4.0,18.0,0.8251518639999631,,1000,20,13,0.5.0
credit-g,31,c50py_rules,3,0.7,27.0,5.222222222222222,5.074074074074074,20.0,0.6805986749996009,,1000,20,13,0.5.0
credit-g,31,c50py_rules,4,0.755,27.0,5.074074074074074,4.925925925925926,18.0,0.8204217689999496,,1000,20,13,0.5.0
credit-g,31,c50py_boost,0,0.73,,,,,4.365283785999964,10.0,1000,20,13,0.5.0
credit-g,31,c50py_boost,1,0.7,,,,,9.224487975000102,10.0,1000,20,13,0.5.0
credit-g,31,c50py_boost,2,0.77,,,,,4.895658997000282,10.0,1000,20,13,0.5.0
credit-g,31,c50py_boost,3,0.7,,,,,5.186262734000138,10.0,1000,20,13,0.5.0
credit-g,31,c50py_boost,4,0.75,,,,,9.419703428000048,10.0,1000,20,13,0.5.0
credit-g,31,cart,0,0.68,155.0,10.174193548387096,7.283870967741936,20.0,0.0075942359999316,,1000,20,13,0.5.0
credit-g,31,cart,1,0.685,148.0,8.972972972972974,7.175675675675675,19.0,0.0099346560000412,,1000,20,13,0.5.0
credit-g,31,cart,2,0.68,159.0,10.654088050314463,7.949685534591195,19.0,0.0063850589999674,,1000,20,13,0.5.0
credit-g,31,cart,3,0.69,147.0,9.523809523809524,7.163265306122449,20.0,0.0144297790002383,,1000,20,13,0.5.0
credit-g,31,cart,4,0.685,159.0,9.371069182389936,6.685534591194968,20.0,0.004962032000094,,1000,20,13,0.5.0
credit-g,31,cart_cv,0,0.71,47.0,8.02127659574468,5.617021276595745,19.0,3.110290224000437,,1000,20,13,0.5.0
credit-g,31,cart_cv,1,0.69,59.0,7.033898305084746,6.067796610169491,18.0,5.9662554360002105,,1000,20,13,0.5.0
credit-g,31,cart_cv,2,0.74,10.0,4.2,3.5,7.0,3.2729811119997976,,1000,20,13,0.5.0
credit-g,31,cart_cv,3,0.74,12.0,4.333333333333333,3.5,8.0,4.90566967299992,,1000,20,13,0.5.0
credit-g,31,cart_cv,4,0.705,8.0,3.25,2.75,5.0,3.043971182000405,,1000,20,13,0.5.0
credit-g,31,hgb,0,0.725,,,,,0.1729005219999635,,1000,20,13,0.5.0
credit-g,31,hgb,1,0.785,,,,,0.4151188029995865,,1000,20,13,0.5.0
credit-g,31,hgb,2,0.785,,,,,0.2096238070002982,,1000,20,13,0.5.0
credit-g,31,hgb,3,0.755,,,,,0.3222593959999358,,1000,20,13,0.5.0
credit-g,31,hgb,4,0.78,,,,,0.147915371000181,,1000,20,13,0.5.0
credit-g,31,C5.0_R,0,0.715,49.0,,,16.0,0.0350000000000001,,1000,20,13,0.5.0
credit-g,31,C5.0_R,1,0.735,73.0,,,17.0,0.0290000000000001,,1000,20,13,0.5.0
credit-g,31,C5.0_R,2,0.75,57.0,,,17.0,0.0289999999999999,,1000,20,13,0.5.0
credit-g,31,C5.0_R,3,0.745,25.0,,,12.0,0.0280000000000002,,1000,20,13,0.5.0
credit-g,31,C5.0_R,4,0.74,60.0,,,17.0,0.0259999999999998,,1000,20,13,0.5.0
credit-g,31,C5.0_R_rules,0,0.725,21.0,,,14.0,0.0349999999999999,,1000,20,13,0.5.0
credit-g,31,C5.0_R_rules,1,0.735,19.0,,,16.0,0.054,,1000,20,13,0.5.0
credit-g,31,C5.0_R_rules,2,0.755,20.0,,,16.0,0.0330000000000001,,1000,20,13,0.5.0
credit-g,31,C5.0_R_rules,3,0.745,14.0,,,12.0,0.028,,1000,20,13,0.5.0
credit-g,31,C5.0_R_rules,4,0.755,18.0,,,16.0,0.0329999999999999,,1000,20,13,0.5.0
credit-g,31,C5.0_R_boost,0,0.71,,,,,0.0580000000000001,,1000,20,13,0.5.0
credit-g,31,C5.0_R_boost,1,0.72,,,,,0.0879999999999999,,1000,20,13,0.5.0
credit-g,31,C5.0_R_boost,2,0.805,,,,,0.054,,1000,20,13,0.5.0
credit-g,31,C5.0_R_boost,3,0.765,,,,,0.0510000000000002,,1000,20,13,0.5.0
credit-g,31,C5.0_R_boost,4,0.75,,,,,0.052,,1000,20,13,0.5.0
sick,38,c50py,0,0.9894039735099338,22.0,5.2727272727272725,4.818181818181818,10.0,0.4000036430002183,,3772,27,21,0.5.0
sick,38,c50py,1,0.9973509933774836,23.0,5.608695652173913,5.260869565217392,11.0,1.3825271410000823,,3772,27,21,0.5.0
sick,38,c50py,2,0.9814323607427056,20.0,5.45,4.7,9.0,0.29028001900042,,3772,27,21,0.5.0
sick,38,c50py,3,0.993368700265252,21.0,5.142857142857143,4.857142857142857,10.0,0.6262299909999456,,3772,27,21,0.5.0
sick,38,c50py,4,0.9827586206896552,23.0,5.304347826086956,5.043478260869565,12.0,0.3301207660001637,,3772,27,21,0.5.0
sick,38,c50py_cv,0,0.9894039735099338,22.0,5.2727272727272725,4.818181818181818,10.0,3.242346353999892,,3772,27,21,0.5.0
sick,38,c50py_cv,1,0.9973509933774836,23.0,5.608695652173913,5.260869565217392,11.0,8.09064533999981,,3772,27,21,0.5.0
sick,38,c50py_cv,2,0.9814323607427056,20.0,5.45,4.7,9.0,3.172376170999996,,3772,27,21,0.5.0
sick,38,c50py_cv,3,0.993368700265252,21.0,5.142857142857143,4.857142857142857,10.0,4.503231547000269,,3772,27,21,0.5.0
sick,38,c50py_cv,4,0.9827586206896552,23.0,5.304347826086956,5.043478260869565,12.0,3.535458012000163,,3772,27,21,0.5.0
sick,38,c50py_winnow,0,0.9894039735099338,21.0,5.238095238095238,4.761904761904762,9.0,0.9155558030001884,,3772,27,21,0.5.0
sick,38,c50py_winnow,1,0.9973509933774836,24.0,5.458333333333333,5.041666666666667,10.0,2.586541331999797,,3772,27,21,0.5.0
sick,38,c50py_winnow,2,0.9814323607427056,20.0,5.45,4.7,9.0,0.6567224179998448,,3772,27,21,0.5.0
sick,38,c50py_winnow,3,0.9920424403183024,22.0,5.318181818181818,4.954545454545454,10.0,1.1775668800000858,,3772,27,21,0.5.0
sick,38,c50py_winnow,4,0.9787798408488064,17.0,4.647058823529412,3.882352941176471,6.0,1.0365815270001804,,3772,27,21,0.5.0
sick,38,c50py_rules,0,0.9841059602649008,13.0,2.769230769230769,2.5384615384615383,10.0,0.5721472069999436,,3772,27,21,0.5.0
sick,38,c50py_rules,1,0.9920529801324504,8.0,2.25,2.25,10.0,1.01227914699939,,3772,27,21,0.5.0
sick,38,c50py_rules,2,0.9761273209549072,13.0,2.3076923076923075,2.230769230769231,9.0,0.4744258519995128,,3772,27,21,0.5.0
sick,38,c50py_rules,3,0.9880636604774536,10.0,2.9,2.6,9.0,0.7240954620001503,,3772,27,21,0.5.0
sick,38,c50py_rules,4,0.9827586206896552,12.0,2.6666666666666665,2.6666666666666665,9.0,0.4833206369994514,,3772,27,21,0.5.0
sick,38,c50py_boost,0,0.9920529801324504,,,,,5.531902558000184,10.0,3772,27,21,0.5.0
sick,38,c50py_boost,1,0.9947019867549668,,,,,9.38946856099983,10.0,3772,27,21,0.5.0
sick,38,c50py_boost,2,0.9787798408488064,,,,,4.224539708000066,10.0,3772,27,21,0.5.0
sick,38,c50py_boost,3,0.9907161803713528,,,,,6.212174604000211,10.0,3772,27,21,0.5.0
sick,38,c50py_boost,4,0.9840848806366048,,,,,6.384599812000033,10.0,3772,27,21,0.5.0
sick,38,cart,0,0.9920529801324504,33.0,5.575757575757576,4.454545454545454,11.0,0.0098282990002189,,3772,27,21,0.5.0
sick,38,cart,1,0.9960264900662252,32.0,5.71875,4.3125,9.0,0.0095731790001991,,3772,27,21,0.5.0
sick,38,cart,2,0.980106100795756,36.0,5.694444444444445,4.694444444444445,11.0,0.0095666849997542,,3772,27,21,0.5.0
sick,38,cart,3,0.9920424403183024,32.0,5.78125,4.5,11.0,0.0094323459998122,,3772,27,21,0.5.0
sick,38,cart,4,0.986737400530504,26.0,5.230769230769231,4.230769230769231,9.0,0.0088754950002112,,3772,27,21,0.5.0
sick,38,cart_cv,0,0.9920529801324504,24.0,5.0,4.0,8.0,8.238687759000186,,3772,27,21,0.5.0
sick,38,cart_cv,1,0.9973509933774836,26.0,5.538461538461538,4.5,9.0,5.233037612000317,,3772,27,21,0.5.0
sick,38,cart_cv,2,0.9840848806366048,33.0,5.545454545454546,4.666666666666667,10.0,4.976892070000304,,3772,27,21,0.5.0
sick,38,cart_cv,3,0.993368700265252,28.0,5.678571428571429,4.785714285714286,10.0,4.842981838000014,,3772,27,21,0.5.0
sick,38,cart_cv,4,0.986737400530504,25.0,5.16,4.12,8.0,9.717887351000172,,3772,27,21,0.5.0
sick,38,hgb,0,0.9933774834437086,,,,,0.308817450999868,,3772,27,21,0.5.0
sick,38,hgb,1,0.9947019867549668,,,,,0.2223488370000268,,3772,27,21,0.5.0
sick,38,hgb,2,0.9840848806366048,,,,,0.300261705000139,,3772,27,21,0.5.0
sick,38,hgb,3,0.9893899204244032,,,,,0.2160438710002381,,3772,27,21,0.5.0
sick,38,hgb,4,0.9827586206896552,,,,,0.4988635979998435,,3772,27,21,0.5.0
sick,38,C5.0_R,0,0.99205298013245,20.0,,,8.0,0.204,,3772,27,21,0.5.0
sick,38,C5.0_R,1,0.989403973509934,14.0,,,8.0,0.223,,3772,27,21,0.5.0
sick,38,C5.0_R,2,0.981432360742706,16.0,,,9.0,0.309,,3772,27,21,0.5.0
sick,38,C5.0_R,3,0.993368700265252,16.0,,,9.0,0.172,,3772,27,21,0.5.0
sick,38,C5.0_R,4,0.981432360742706,20.0,,,10.0,0.185,,3772,27,21,0.5.0
sick,38,C5.0_R_rules,0,0.984105960264901,11.0,,,8.0,0.219,,3772,27,21,0.5.0
sick,38,C5.0_R_rules,1,0.986754966887417,8.0,,,7.0,0.221,,3772,27,21,0.5.0
sick,38,C5.0_R_rules,2,0.976127320954907,12.0,,,9.0,0.191,,3772,27,21,0.5.0
sick,38,C5.0_R_rules,3,0.986737400530504,7.0,,,9.0,0.205,,3772,27,21,0.5.0
sick,38,C5.0_R_rules,4,0.981432360742706,8.0,,,8.0,0.227,,3772,27,21,0.5.0
sick,38,C5.0_R_boost,0,0.988079470198675,,,,,0.338,,3772,27,21,0.5.0
sick,38,C5.0_R_boost,1,0.996026490066225,,,,,0.375,,3772,27,21,0.5.0
sick,38,C5.0_R_boost,2,0.977453580901857,,,,,0.284,,3772,27,21,0.5.0
sick,38,C5.0_R_boost,3,0.989389920424403,,,,,0.338,,3772,27,21,0.5.0
sick,38,C5.0_R_boost,4,0.984084880636605,,,,,0.318,,3772,27,21,0.5.0
soybean,42,c50py,0,0.9197080291970804,39.0,6.256410256410256,5.769230769230769,22.0,0.3108180429999265,,683,35,35,0.5.0
soybean,42,c50py,1,0.9051094890510948,35.0,7.085714285714285,6.571428571428571,24.0,0.2479871880000246,,683,35,35,0.5.0
soybean,42,c50py,2,0.9343065693430656,39.0,6.641025641025641,6.051282051282051,20.0,0.2806061459996272,,683,35,35,0.5.0
soybean,42,c50py,3,0.9117647058823528,43.0,6.837209302325581,6.186046511627907,22.0,0.3369402240000454,,683,35,35,0.5.0
soybean,42,c50py,4,0.9338235294117648,37.0,6.0,5.594594594594595,22.0,0.7232939990003615,,683,35,35,0.5.0
soybean,42,c50py_cv,0,0.927007299270073,50.0,7.22,6.66,26.0,3.121533022999756,,683,35,35,0.5.0
soybean,42,c50py_cv,1,0.9051094890510948,35.0,7.085714285714285,6.571428571428571,24.0,3.486124106000261,,683,35,35,0.5.0
soybean,42,c50py_cv,2,0.927007299270073,30.0,5.433333333333334,5.166666666666667,18.0,3.864437922999969,,683,35,35,0.5.0
soybean,42,c50py_cv,3,0.9117647058823528,43.0,6.837209302325581,6.186046511627907,22.0,4.075526247000198,,683,35,35,0.5.0
soybean,42,c50py_cv,4,0.9338235294117648,41.0,6.536585365853658,6.0,24.0,6.662004539999998,,683,35,35,0.5.0
soybean,42,c50py_winnow,0,0.8832116788321168,36.0,5.805555555555555,5.416666666666667,17.0,0.5660436590001154,,683,35,35,0.5.0
soybean,42,c50py_winnow,1,0.8905109489051095,38.0,6.105263157894737,5.657894736842105,18.0,0.674924467999972,,683,35,35,0.5.0
soybean,42,c50py_winnow,2,0.9343065693430656,36.0,6.083333333333333,5.583333333333333,17.0,0.5127695900000617,,683,35,35,0.5.0
soybean,42,c50py_winnow,3,0.8970588235294118,35.0,6.085714285714285,5.628571428571429,18.0,0.7419533199999933,,683,35,35,0.5.0
soybean,42,c50py_winnow,4,0.9264705882352942,42.0,6.523809523809524,6.0,23.0,1.5921286420002616,,683,35,35,0.5.0
soybean,42,c50py_rules,0,0.9124087591240876,31.0,3.290322580645161,3.290322580645161,22.0,0.3270314359997428,,683,35,35,0.5.0
soybean,42,c50py_rules,1,0.8832116788321168,28.0,2.9642857142857144,2.9642857142857144,24.0,0.3529157920002035,,683,35,35,0.5.0
soybean,42,c50py_rules,2,0.9343065693430656,30.0,3.2333333333333334,3.2333333333333334,20.0,0.3403492960005678,,683,35,35,0.5.0
soybean,42,c50py_rules,3,0.9117647058823528,31.0,3.193548387096774,3.193548387096774,22.0,0.4113214859999061,,683,35,35,0.5.0
soybean,42,c50py_rules,4,0.9411764705882352,31.0,3.2580645161290325,3.2580645161290325,22.0,0.3626152169999841,,683,35,35,0.5.0
soybean,42,c50py_boost,0,0.9416058394160584,,,,,2.8248588819997167,10.0,683,35,35,0.5.0
soybean,42,c50py_boost,1,0.8905109489051095,,,,,3.283261743999901,10.0,683,35,35,0.5.0
soybean,42,c50py_boost,2,0.927007299270073,,,,,3.165327323999918,10.0,683,35,35,0.5.0
soybean,42,c50py_boost,3,0.9338235294117648,,,,,4.787734289000127,10.0,683,35,35,0.5.0
soybean,42,c50py_boost,4,0.9558823529411764,,,,,6.544336218999888,10.0,683,35,35,0.5.0
soybean,42,cart,0,0.9124087591240876,64.0,10.109375,7.65625,24.0,0.0040280090001942,,683,35,35,0.5.0
soybean,42,cart,1,0.8467153284671532,58.0,9.327586206896552,7.413793103448276,26.0,0.0062637709997943,,683,35,35,0.5.0
soybean,42,cart,2,0.9197080291970804,63.0,9.904761904761903,7.619047619047619,24.0,0.0045423299998219,,683,35,35,0.5.0
soybean,42,cart,3,0.9338235294117648,68.0,10.117647058823527,7.882352941176471,26.0,0.0207837650000328,,683,35,35,0.5.0
soybean,42,cart,4,0.9632352941176472,68.0,10.529411764705882,8.352941176470589,27.0,0.0258345990000634,,683,35,35,0.5.0
soybean,42,cart_cv,0,0.8978102189781022,36.0,7.944444444444445,5.972222222222222,19.0,2.9506383200000528,,683,35,35,0.5.0
soybean,42,cart_cv,1,0.8540145985401459,48.0,8.625,6.854166666666667,26.0,2.777219864000017,,683,35,35,0.5.0
soybean,42,cart_cv,2,0.9051094890510948,30.0,7.366666666666666,5.533333333333333,15.0,2.644601196000167,,683,35,35,0.5.0
soybean,42,cart_cv,3,0.9264705882352942,40.0,7.95,6.1,22.0,6.215564026000266,,683,35,35,0.5.0
soybean,42,cart_cv,4,0.9705882352941176,66.0,10.318181818181818,8.196969696969697,27.0,6.2141234730002,,683,35,35,0.5.0
soybean,42,hgb,0,0.9343065693430656,,,,,1.5165601540002172,,683,35,35,0.5.0
soybean,42,hgb,1,0.9124087591240876,,,,,1.5906636230001825,,683,35,35,0.5.0
soybean,42,hgb,2,0.9343065693430656,,,,,1.7556294989999517,,683,35,35,0.5.0
soybean,42,hgb,3,0.9558823529411764,,,,,3.286061353999685,,683,35,35,0.5.0
soybean,42,hgb,4,0.9705882352941176,,,,,3.435463617000096,,683,35,35,0.5.0
soybean,42,C5.0_R,0,0.927007299270073,52.0,,,22.0,0.113,,683,35,35,0.5.0
soybean,42,C5.0_R,1,0.905109489051095,50.0,,,24.0,0.134,,683,35,35,0.5.0
soybean,42,C5.0_R,2,0.883211678832117,46.0,,,21.0,0.0750000000000002,,683,35,35,0.5.0
soybean,42,C5.0_R,3,0.919117647058823,54.0,,,24.0,0.0729999999999995,,683,35,35,0.5.0
soybean,42,C5.0_R,4,0.955882352941177,55.0,,,24.0,0.093,,683,35,35,0.5.0
soybean,42,C5.0_R_rules,0,0.927007299270073,30.0,,,22.0,0.085,,683,35,35,0.5.0
soybean,42,C5.0_R_rules,1,0.897810218978102,33.0,,,23.0,0.0829999999999997,,683,35,35,0.5.0
soybean,42,C5.0_R_rules,2,0.91970802919708,29.0,,,19.0,0.0780000000000003,,683,35,35,0.5.0
soybean,42,C5.0_R_rules,3,0.948529411764706,32.0,,,23.0,0.0759999999999996,,683,35,35,0.5.0
soybean,42,C5.0_R_rules,4,0.955882352941177,33.0,,,20.0,0.0790000000000006,,683,35,35,0.5.0
soybean,42,C5.0_R_boost,0,0.941605839416058,,,,,0.174,,683,35,35,0.5.0
soybean,42,C5.0_R_boost,1,0.897810218978102,,,,,0.126,,683,35,35,0.5.0
soybean,42,C5.0_R_boost,2,0.927007299270073,,,,,0.124,,683,35,35,0.5.0
soybean,42,C5.0_R_boost,3,0.911764705882353,,,,,0.146,,683,35,35,0.5.0
soybean,42,C5.0_R_boost,4,0.963235294117647,,,,,0.136,,683,35,35,0.5.0
splice,46,c50py,0,0.9420062695924764,53.0,7.188679245283019,7.150943396226415,33.0,2.361801516000014,,3190,60,60,0.5.0
splice,46,c50py,1,0.9435736677115988,61.0,7.459016393442623,7.459016393442623,36.0,1.0297079439997106,,3190,60,60,0.5.0
splice,46,c50py,2,0.9059561128526644,56.0,7.214285714285714,7.107142857142857,32.0,1.2056874419999986,,3190,60,60,0.5.0
splice,46,c50py,3,0.9498432601880876,67.0,7.671641791044776,7.626865671641791,33.0,4.286368930000208,,3190,60,60,0.5.0
splice,46,c50py,4,0.9435736677115988,49.0,7.26530612244898,7.204081632653061,24.0,2.3694032979997246,,3190,60,60,0.5.0
splice,46,c50py_cv,0,0.9482758620689656,35.0,6.485714285714286,6.485714285714286,22.0,23.220376746000056,,3190,60,60,0.5.0
splice,46,c50py_cv,1,0.9529780564263324,39.0,6.615384615384615,6.615384615384615,24.0,11.15871164300006,,3190,60,60,0.5.0
splice,46,c50py_cv,2,0.9247648902821316,36.0,6.472222222222222,6.361111111111111,22.0,11.29251941199982,,3190,60,60,0.5.0
splice,46,c50py_cv,3,0.9561128526645768,35.0,6.8,6.8,22.0,27.823604479000096,,3190,60,60,0.5.0
splice,46,c50py_cv,4,0.9404388714733544,36.0,6.666666666666667,6.583333333333333,19.0,24.26159785099981,,3190,60,60,0.5.0
splice,46,c50py_winnow,0,0.95141065830721,50.0,7.04,7.04,24.0,4.87290192699993,,3190,60,60,0.5.0
splice,46,c50py_winnow,1,0.9467084639498432,62.0,7.532258064516129,7.483870967741935,27.0,2.7733910510000896,,3190,60,60,0.5.0
splice,46,c50py_winnow,2,0.9231974921630094,43.0,7.069767441860465,6.813953488372093,18.0,2.2938651939998635,,3190,60,60,0.5.0
splice,46,c50py_winnow,3,0.9498432601880876,66.0,7.833333333333333,7.621212121212121,22.0,5.053698174999681,,3190,60,60,0.5.0
splice,46,c50py_winnow,4,0.9420062695924764,38.0,6.684210526315789,6.5,17.0,4.680384562999734,,3190,60,60,0.5.0
splice,46,c50py_rules,0,0.9435736677115988,38.0,4.5,4.5,31.0,1.3743881659993349,,3190,60,60,0.5.0
splice,46,c50py_rules,1,0.9498432601880876,32.0,4.28125,4.28125,31.0,1.6902048070005549,,3190,60,60,0.5.0
splice,46,c50py_rules,2,0.9122257053291536,32.0,4.46875,4.46875,32.0,1.334857794000527,,3190,60,60,0.5.0
splice,46,c50py_rules,3,0.9482758620689656,35.0,4.428571428571429,4.428571428571429,28.0,1.454046235999158,,3190,60,60,0.5.0
splice,46,c50py_rules,4,0.9435736677115988,31.0,4.354838709677419,4.354838709677419,23.0,1.3596073319995412,,3190,60,60,0.5.0
splice,46,c50py_boost,0,0.9529780564263324,,,,,28.6275460779998,10.0,3190,60,60,0.5.0
splice,46,c50py_boost,1,0.9529780564263324,,,,,14.287196732999746,10.0,3190,60,60,0.5.0
splice,46,c50py_boost,2,0.932601880877743,,,,,13.355551771999671,10.0,3190,60,60,0.5.0
splice,46,c50py_boost,3,0.9592476489028212,,,,,29.899122512000304,10.0,3190,60,60,0.5.0
splice,46,c50py_boost,4,0.9545454545454546,,,,,26.807128133000333,10.0,3190,60,60,0.5.0
splice,46,cart,0,0.9106583072100314,118.0,8.686440677966102,8.076271186440678,51.0,0.0360633210002561,,3190,60,60,0.5.0
splice,46,cart,1,0.927899686520376,127.0,8.661417322834646,7.921259842519685,52.0,0.035739003999879,,3190,60,60,0.5.0
splice,46,cart,2,0.9090909090909092,111.0,8.387387387387387,7.765765765765765,48.0,0.0344556519999059,,3190,60,60,0.5.0
splice,46,cart,3,0.9373040752351096,133.0,8.819548872180452,8.007518796992482,51.0,0.0773327880001488,,3190,60,60,0.5.0
splice,46,cart,4,0.9184952978056428,116.0,8.732758620689655,7.991379310344827,46.0,0.1038358959999641,,3190,60,60,0.5.0
splice,46,cart_cv,0,0.9561128526645768,23.0,5.391304347826087,5.130434782608695,14.0,15.496583870999984,,3190,60,60,0.5.0
splice,46,cart_cv,1,0.945141065830721,26.0,5.846153846153846,5.538461538461538,15.0,15.477700949000337,,3190,60,60,0.5.0
splice,46,cart_cv,2,0.9294670846394985,14.0,4.214285714285714,4.071428571428571,7.0,35.77587335699991,,3190,60,60,0.5.0
splice,46,cart_cv,3,0.962382445141066,25.0,5.72,5.4,15.0,29.008155317000277,,3190,60,60,0.5.0
splice,46,cart_cv,4,0.9404388714733544,24.0,5.625,5.375,14.0,31.167527451000296,,3190,60,60,0.5.0
splice,46,hgb,0,0.963949843260188,,,,,1.0068336069998622,,3190,60,60,0.5.0
splice,46,hgb,1,0.9702194357366772,,,,,1.199015872000018,,3190,60,60,0.5.0
splice,46,hgb,2,0.9498432601880876,,,,,4.260063416000321,,3190,60,60,0.5.0
splice,46,hgb,3,0.9796238244514106,,,,,2.274108284999784,,3190,60,60,0.5.0
splice,46,hgb,4,0.9561128526645768,,,,,2.4452266030002647,,3190,60,60,0.5.0
splice,46,C5.0_R,0,0.938871473354232,51.0,,,24.0,0.324,,3190,60,60,0.5.0
splice,46,C5.0_R,1,0.945141065830721,51.0,,,22.0,0.290999999999999,,3190,60,60,0.5.0
splice,46,C5.0_R,2,0.918495297805643,53.0,,,26.0,0.335,,3190,60,60,0.5.0
splice,46,C5.0_R,3,0.945141065830721,79.0,,,32.0,0.324,,3190,60,60,0.5.0
splice,46,C5.0_R,4,0.938871473354232,70.0,,,31.0,0.311,,3190,60,60,0.5.0
splice,46,C5.0_R_rules,0,0.93730407523511,30.0,,,23.0,0.343,,3190,60,60,0.5.0
splice,46,C5.0_R_rules,1,0.948275862068966,28.0,,,22.0,0.305000000000001,,3190,60,60,0.5.0
splice,46,C5.0_R_rules,2,0.920062695924765,30.0,,,24.0,0.327,,3190,60,60,0.5.0
splice,46,C5.0_R_rules,3,0.948275862068966,31.0,,,28.0,0.305000000000001,,3190,60,60,0.5.0
splice,46,C5.0_R_rules,4,0.938871473354232,30.0,,,29.0,0.345000000000001,,3190,60,60,0.5.0
splice,46,C5.0_R_boost,0,0.963949843260188,,,,,0.422,,3190,60,60,0.5.0
splice,46,C5.0_R_boost,1,0.948275862068966,,,,,0.430000000000001,,3190,60,60,0.5.0
splice,46,C5.0_R_boost,2,0.935736677115988,,,,,0.388,,3190,60,60,0.5.0
splice,46,C5.0_R_boost,3,0.96551724137931,,,,,0.386999999999999,,3190,60,60,0.5.0
splice,46,C5.0_R_boost,4,0.943573667711599,,,,,0.465,,3190,60,60,0.5.0
tic-tac-toe,50,c50py,0,0.9375,36.0,5.638888888888889,5.583333333333333,9.0,0.1601682440000331,,958,9,9,0.5.0
tic-tac-toe,50,c50py,1,0.953125,34.0,5.588235294117647,5.588235294117647,9.0,0.8887360449998596,,958,9,9,0.5.0
tic-tac-toe,50,c50py,2,0.96875,27.0,5.185185185185185,5.185185185185185,9.0,0.192378218000158,,958,9,9,0.5.0
tic-tac-toe,50,c50py,3,0.9633507853403142,37.0,5.783783783783784,5.594594594594595,9.0,0.2109632950000559,,958,9,9,0.5.0
tic-tac-toe,50,c50py,4,0.9319371727748692,34.0,5.735294117647059,5.529411764705882,9.0,0.1020864580000306,,958,9,9,0.5.0
tic-tac-toe,50,c50py_cv,0,0.9322916666666666,28.0,5.178571428571429,5.107142857142857,9.0,2.4525535170000694,,958,9,9,0.5.0
tic-tac-toe,50,c50py_cv,1,0.953125,34.0,5.588235294117647,5.588235294117647,9.0,1.968516117000036,,958,9,9,0.5.0
tic-tac-toe,50,c50py_cv,2,0.9479166666666666,45.0,6.377777777777778,5.911111111111111,9.0,2.2082396289997632,,958,9,9,0.5.0
tic-tac-toe,50,c50py_cv,3,0.9633507853403142,37.0,5.783783783783784,5.594594594594595,9.0,2.212821670999801,,958,9,9,0.5.0
tic-tac-toe,50,c50py_cv,4,0.9319371727748692,34.0,5.735294117647059,5.529411764705882,9.0,1.2693282179998278,,958,9,9,0.5.0
tic-tac-toe,50,c50py_winnow,0,0.9375,36.0,5.638888888888889,5.583333333333333,9.0,0.3057283210000605,,958,9,9,0.5.0
tic-tac-toe,50,c50py_winnow,1,0.953125,34.0,5.588235294117647,5.588235294117647,9.0,0.2407455779998599,,958,9,9,0.5.0
tic-tac-toe,50,c50py_winnow,2,0.96875,27.0,5.185185185185185,5.185185185185185,9.0,0.385050135000256,,958,9,9,0.5.0
tic-tac-toe,50,c50py_winnow,3,0.9633507853403142,37.0,5.783783783783784,5.594594594594595,9.0,0.3923698410003453,,958,9,9,0.5.0
tic-tac-toe,50,c50py_winnow,4,0.9319371727748692,34.0,5.735294117647059,5.529411764705882,9.0,0.2615383229999679,,958,9,9,0.5.0
tic-tac-toe,50,c50py_rules,0,0.9895833333333334,11.0,2.8181818181818183,2.8181818181818183,9.0,0.2210084500002267,,958,9,9,0.5.0
tic-tac-toe,50,c50py_rules,1,0.96875,20.0,3.4,3.4,9.0,0.1822642029992494,,958,9,9,0.5.0
tic-tac-toe,50,c50py_rules,2,0.9947916666666666,14.0,2.9285714285714284,2.9285714285714284,9.0,0.1221856829997705,,958,9,9,0.5.0
tic-tac-toe,50,c50py_rules,3,0.9738219895287958,23.0,3.608695652173913,3.608695652173913,9.0,0.144589208999605,,958,9,9,0.5.0
tic-tac-toe,50,c50py_rules,4,0.9528795811518324,20.0,3.45,3.45,9.0,0.1451263330000074,,958,9,9,0.5.0
tic-tac-toe,50,c50py_boost,0,0.9791666666666666,,,,,2.0800441020001017,10.0,958,9,9,0.5.0
tic-tac-toe,50,c50py_boost,1,0.984375,,,,,2.0853738030000386,10.0,958,9,9,0.5.0
tic-tac-toe,50,c50py_boost,2,0.9895833333333334,,,,,2.5896896190001826,10.0,958,9,9,0.5.0
tic-tac-toe,50,c50py_boost,3,0.9790575916230366,,,,,1.8183803590000025,10.0,958,9,9,0.5.0
tic-tac-toe,50,c50py_boost,4,0.9738219895287958,,,,,1.1899286810003105,10.0,958,9,9,0.5.0
tic-tac-toe,50,cart,0,0.9635416666666666,61.0,6.967213114754099,6.508196721311475,9.0,0.0063338660002045,,958,9,9,0.5.0
tic-tac-toe,50,cart,1,0.9322916666666666,63.0,7.031746031746032,6.492063492063492,9.0,0.0063933380001799,,958,9,9,0.5.0
tic-tac-toe,50,cart,2,0.9583333333333334,63.0,6.936507936507937,6.634920634920635,9.0,0.0062826530001984,,958,9,9,0.5.0
tic-tac-toe,50,cart,3,0.9581151832460733,67.0,7.164179104477612,6.537313432835821,9.0,0.0033387319999746,,958,9,9,0.5.0
tic-tac-toe,50,cart,4,0.9528795811518324,66.0,7.196969696969697,6.681818181818182,9.0,0.0024205649997384,,958,9,9,0.5.0
tic-tac-toe,50,cart_cv,0,0.9635416666666666,46.0,6.282608695652174,6.021739130434782,9.0,4.017555912999796,,958,9,9,0.5.0
tic-tac-toe,50,cart_cv,1,0.9322916666666666,63.0,7.031746031746032,6.492063492063492,9.0,4.666049056999782,,958,9,9,0.5.0
tic-tac-toe,50,cart_cv,2,0.9583333333333334,63.0,6.936507936507937,6.634920634920635,9.0,4.220578670999657,,958,9,9,0.5.0
tic-tac-toe,50,cart_cv,3,0.9214659685863874,21.0,4.666666666666667,4.571428571428571,9.0,2.310008174999893,,958,9,9,0.5.0
tic-tac-toe,50,cart_cv,4,0.9267015706806284,40.0,5.975,5.875,9.0,1.866897013000198,,958,9,9,0.5.0
tic-tac-toe,50,hgb,0,0.9947916666666666,,,,,0.3421204019996366,,958,9,9,0.5.0
tic-tac-toe,50,hgb,1,0.9791666666666666,,,,,0.2953033460003098,,958,9,9,0.5.0
tic-tac-toe,50,hgb,2,1.0,,,,,0.2493471709999539,,958,9,9,0.5.0
tic-tac-toe,50,hgb,3,0.9947643979057592,,,,,0.1256270270000641,,958,9,9,0.5.0
tic-tac-toe,50,hgb,4,0.9947643979057592,,,,,0.1177169190000313,,958,9,9,0.5.0
tic-tac-toe,50,C5.0_R,0,0.921875,47.0,,,9.0,0.0170000000000001,,958,9,9,0.5.0
tic-tac-toe,50,C5.0_R,1,0.942708333333333,29.0,,,9.0,0.0129999999999999,,958,9,9,0.5.0
tic-tac-toe,50,C5.0_R,2,0.9375,33.0,,,9.0,0.026,,958,9,9,0.5.0
tic-tac-toe,50,C5.0_R,3,0.931937172774869,41.0,,,9.0,0.012,,958,9,9,0.5.0
tic-tac-toe,50,C5.0_R,4,0.947643979057592,32.0,,,9.0,0.0109999999999999,,958,9,9,0.5.0
tic-tac-toe,50,C5.0_R_rules,0,0.994791666666667,11.0,,,9.0,0.0150000000000001,,958,9,9,0.5.0
tic-tac-toe,50,C5.0_R_rules,1,0.963541666666667,22.0,,,9.0,0.0130000000000001,,958,9,9,0.5.0
tic-tac-toe,50,C5.0_R_rules,2,0.973958333333333,21.0,,,9.0,0.0170000000000001,,958,9,9,0.5.0
tic-tac-toe,50,C5.0_R_rules,3,0.968586387434555,24.0,,,9.0,0.012,,958,9,9,0.5.0
tic-tac-toe,50,C5.0_R_rules,4,0.973821989528796,22.0,,,9.0,0.012,,958,9,9,0.5.0
tic-tac-toe,50,C5.0_R_boost,0,0.979166666666667,,,,,0.022,,958,9,9,0.5.0
tic-tac-toe,50,C5.0_R_boost,1,0.9375,,,,,0.0149999999999999,,958,9,9,0.5.0
tic-tac-toe,50,C5.0_R_boost,2,0.979166666666667,,,,,0.0190000000000001,,958,9,9,0.5.0
tic-tac-toe,50,C5.0_R_boost,3,0.979057591623037,,,,,0.018,,958,9,9,0.5.0
tic-tac-toe,50,C5.0_R_boost,4,0.984293193717278,,,,,0.0170000000000001,,958,9,9,0.5.0
hepatitis,55,c50py,0,0.8064516129032258,2.0,1.0,1.0,1.0,0.0717727289998038,,155,19,13,0.5.0
hepatitis,55,c50py,1,0.7741935483870968,5.0,2.4,2.4,4.0,0.0870326239996757,,155,19,13,0.5.0
hepatitis,55,c50py,2,0.8064516129032258,4.0,2.25,1.75,2.0,0.0607130070002313,,155,19,13,0.5.0
hepatitis,55,c50py,3,0.8064516129032258,11.0,4.2727272727272725,4.2727272727272725,9.0,0.1054114919998028,,155,19,13,0.5.0
hepatitis,55,c50py,4,0.7419354838709677,3.0,1.6666666666666667,1.6666666666666667,2.0,0.0565602679998846,,155,19,13,0.5.0
hepatitis,55,c50py_cv,0,0.8064516129032258,2.0,1.0,1.0,1.0,0.9205321119998188,,155,19,13,0.5.0
hepatitis,55,c50py_cv,1,0.7741935483870968,5.0,2.4,2.4,4.0,0.717293312000038,,155,19,13,0.5.0
hepatitis,55,c50py_cv,2,0.8064516129032258,4.0,2.25,1.75,2.0,0.5720600479999121,,155,19,13,0.5.0
hepatitis,55,c50py_cv,3,0.8387096774193549,2.0,1.0,1.0,1.0,0.5935102319999714,,155,19,13,0.5.0
hepatitis,55,c50py_cv,4,0.7096774193548387,2.0,1.0,1.0,1.0,0.5925023360000523,,155,19,13,0.5.0
hepatitis,55,c50py_winnow,0,0.8064516129032258,2.0,1.0,1.0,1.0,0.0920784220002133,,155,19,13,0.5.0
hepatitis,55,c50py_winnow,1,0.7096774193548387,3.0,1.6666666666666667,1.6666666666666667,2.0,0.0953731760000664,,155,19,13,0.5.0
hepatitis,55,c50py_winnow,2,0.8064516129032258,1.0,0.0,0.0,0.0,0.0726767750002181,,155,19,13,0.5.0
hepatitis,55,c50py_winnow,3,0.8709677419354839,2.0,1.0,1.0,1.0,0.0626343429998996,,155,19,13,0.5.0
hepatitis,55,c50py_winnow,4,0.7741935483870968,6.0,3.333333333333333,3.333333333333333,5.0,0.0613059209999846,,155,19,13,0.5.0
hepatitis,55,c50py_rules,0,0.8064516129032258,2.0,1.0,1.0,1.0,0.0737954750002245,,155,19,13,0.5.0
hepatitis,55,c50py_rules,1,0.8064516129032258,5.0,1.6,1.6,4.0,0.0657573309999861,,155,19,13,0.5.0
hepatitis,55,c50py_rules,2,0.8387096774193549,3.0,1.3333333333333333,1.3333333333333333,2.0,0.0645372980006868,,155,19,13,0.5.0
hepatitis,55,c50py_rules,3,0.7741935483870968,9.0,2.888888888888889,2.888888888888889,8.0,0.0722153649994652,,155,19,13,0.5.0
hepatitis,55,c50py_rules,4,0.7419354838709677,3.0,1.3333333333333333,1.3333333333333333,2.0,0.0663490209999508,,155,19,13,0.5.0
hepatitis,55,c50py_boost,0,0.8387096774193549,,,,,0.7661148469996988,10.0,155,19,13,0.5.0
hepatitis,55,c50py_boost,1,0.7741935483870968,,,,,0.7507863010000619,10.0,155,19,13,0.5.0
hepatitis,55,c50py_boost,2,0.8709677419354839,,,,,0.6040123410002707,10.0,155,19,13,0.5.0
hepatitis,55,c50py_boost,3,0.8709677419354839,,,,,0.6497971980002148,10.0,155,19,13,0.5.0
hepatitis,55,c50py_boost,4,0.9032258064516128,,,,,0.5963741390000905,10.0,155,19,13,0.5.0
hepatitis,55,cart,0,0.8064516129032258,15.0,5.2,4.533333333333333,8.0,0.0016207100002247,,155,19,13,0.5.0
hepatitis,55,cart,1,0.7741935483870968,17.0,5.176470588235294,5.176470588235294,12.0,0.0018286800000169,,155,19,13,0.5.0
hepatitis,55,cart,2,0.7741935483870968,16.0,5.375,4.625,8.0,0.001446646000204,,155,19,13,0.5.0
hepatitis,55,cart,3,0.7096774193548387,17.0,5.411764705882353,3.882352941176471,9.0,0.0034376040002825,,155,19,13,0.5.0
hepatitis,55,cart,4,0.8064516129032258,22.0,5.090909090909091,3.727272727272727,10.0,0.0016649440003675,,155,19,13,0.5.0
hepatitis,55,cart_cv,0,0.8064516129032258,3.0,1.6666666666666667,1.6666666666666667,2.0,1.8417194119997475,,155,19,13,0.5.0
hepatitis,55,cart_cv,1,0.8709677419354839,8.0,3.25,3.25,7.0,1.597048592000192,,155,19,13,0.5.0
hepatitis,55,cart_cv,2,0.8064516129032258,2.0,1.0,1.0,1.0,1.6702021559999594,,155,19,13,0.5.0
hepatitis,55,cart_cv,3,0.7741935483870968,2.0,1.0,1.0,1.0,1.621455610999874,,155,19,13,0.5.0
hepatitis,55,cart_cv,4,0.7096774193548387,2.0,1.0,1.0,1.0,1.5561095269999896,,155,19,13,0.5.0
hepatitis,55,hgb,0,0.7419354838709677,,,,,0.0452254079996237,,155,19,13,0.5.0
hepatitis,55,hgb,1,0.7419354838709677,,,,,0.0675029819999508,,155,19,13,0.5.0
hepatitis,55,hgb,2,0.7741935483870968,,,,,0.0585646569998061,,155,19,13,0.5.0
hepatitis,55,hgb,3,0.8387096774193549,,,,,0.0389323530002911,,155,19,13,0.5.0
hepatitis,55,hgb,4,0.8709677419354839,,,,,0.0389268830003857,,155,19,13,0.5.0
hepatitis,55,C5.0_R,0,0.741935483870968,8.0,,,6.0,0.014,,155,19,13,0.5.0
hepatitis,55,C5.0_R,1,0.774193548387097,6.0,,,5.0,0.008,,155,19,13,0.5.0
hepatitis,55,C5.0_R,2,0.806451612903226,4.0,,,2.0,0.01,,155,19,13,0.5.0
hepatitis,55,C5.0_R,3,0.838709677419355,10.0,,,9.0,0.006,,155,19,13,0.5.0
hepatitis,55,C5.0_R,4,0.741935483870968,3.0,,,2.0,0.006,,155,19,13,0.5.0
hepatitis,55,C5.0_R_rules,0,0.741935483870968,6.0,,,6.0,0.0070000000000001,,155,19,13,0.5.0
hepatitis,55,C5.0_R_rules,1,0.806451612903226,4.0,,,5.0,0.008,,155,19,13,0.5.0
hepatitis,55,C5.0_R_rules,2,0.838709677419355,3.0,,,2.0,0.0070000000000001,,155,19,13,0.5.0
hepatitis,55,C5.0_R_rules,3,0.935483870967742,5.0,,,7.0,0.0069999999999999,,155,19,13,0.5.0
hepatitis,55,C5.0_R_rules,4,0.741935483870968,3.0,,,2.0,0.0069999999999999,,155,19,13,0.5.0
hepatitis,55,C5.0_R_boost,0,0.774193548387097,,,,,0.0130000000000001,,155,19,13,0.5.0
hepatitis,55,C5.0_R_boost,1,0.774193548387097,,,,,0.012,,155,19,13,0.5.0
hepatitis,55,C5.0_R_boost,2,0.870967741935484,,,,,0.0089999999999999,,155,19,13,0.5.0
hepatitis,55,C5.0_R_boost,3,0.870967741935484,,,,,0.01,,155,19,13,0.5.0
hepatitis,55,C5.0_R_boost,4,0.870967741935484,,,,,0.0090000000000001,,155,19,13,0.5.0
vote,56,c50py,0,0.942528735632184,5.0,2.8,2.8,4.0,0.0568010010001671,,435,16,16,0.5.0
vote,56,c50py,1,0.9655172413793104,4.0,2.25,2.25,3.0,0.092490226999871,,435,16,16,0.5.0
vote,56,c50py,2,0.9655172413793104,2.0,1.0,1.0,1.0,0.0693501149999065,,435,16,16,0.5.0
vote,56,c50py,3,0.942528735632184,4.0,2.25,2.25,3.0,0.0787177170000177,,435,16,16,0.5.0
vote,56,c50py,4,0.9770114942528736,5.0,2.8,2.8,4.0,0.0829319910003505,,435,16,16,0.5.0
vote,56,c50py_cv,0,0.942528735632184,5.0,2.8,2.8,4.0,0.5050163259998044,,435,16,16,0.5.0
vote,56,c50py_cv,1,0.9655172413793104,4.0,2.25,2.25,3.0,0.8183817880003517,,435,16,16,0.5.0
vote,56,c50py_cv,2,0.9655172413793104,2.0,1.0,1.0,1.0,0.6135000280000895,,435,16,16,0.5.0
vote,56,c50py_cv,3,0.942528735632184,2.0,1.0,1.0,1.0,0.7111208920000536,,435,16,16,0.5.0
vote,56,c50py_cv,4,0.9770114942528736,6.0,3.333333333333333,3.333333333333333,5.0,0.7834101650000775,,435,16,16,0.5.0
vote,56,c50py_winnow,0,0.942528735632184,5.0,2.8,2.8,4.0,0.0852271069998096,,435,16,16,0.5.0
vote,56,c50py_winnow,1,0.9655172413793104,5.0,2.8,2.8,4.0,0.0617178630000125,,435,16,16,0.5.0
vote,56,c50py_winnow,2,0.9655172413793104,2.0,1.0,1.0,1.0,0.1043558139999731,,435,16,16,0.5.0
vote,56,c50py_winnow,3,0.942528735632184,4.0,2.25,2.25,3.0,0.1059102459998939,,435,16,16,0.5.0
vote,56,c50py_winnow,4,0.9770114942528736,5.0,2.8,2.8,4.0,0.124479815000086,,435,16,16,0.5.0
vote,56,c50py_rules,0,0.942528735632184,4.0,1.5,1.5,4.0,0.0583523109999077,,435,16,16,0.5.0
vote,56,c50py_rules,1,0.9655172413793104,4.0,1.75,1.75,3.0,0.0881718230002661,,435,16,16,0.5.0
vote,56,c50py_rules,2,0.9655172413793104,2.0,1.0,1.0,1.0,0.0732624239999495,,435,16,16,0.5.0
vote,56,c50py_rules,3,0.942528735632184,3.0,1.3333333333333333,1.3333333333333333,3.0,0.0837348430004567,,435,16,16,0.5.0
vote,56,c50py_rules,4,0.9770114942528736,4.0,1.5,1.5,4.0,0.103518509999958,,435,16,16,0.5.0
vote,56,c50py_boost,0,0.9310344827586208,,,,,0.5732193910002934,10.0,435,16,16,0.5.0
vote,56,c50py_boost,1,0.9540229885057472,,,,,0.9988823860003322,10.0,435,16,16,0.5.0
vote,56,c50py_boost,2,0.9655172413793104,,,,,0.7232469689997743,10.0,435,16,16,0.5.0
vote,56,c50py_boost,3,0.9540229885057472,,,,,1.0957406210000045,10.0,435,16,16,0.5.0
vote,56,c50py_boost,4,0.9195402298850576,,,,,0.9828008959998442,10.0,435,16,16,0.5.0
vote,56,cart,0,0.9310344827586208,21.0,4.9523809523809526,4.857142857142857,11.0,0.0016167250000762,,435,16,16,0.5.0
vote,56,cart,1,0.9540229885057472,26.0,5.615384615384615,5.115384615384615,12.0,0.001877520999642,,435,16,16,0.5.0
vote,56,cart,2,0.9655172413793104,25.0,5.28,5.28,14.0,0.0014904089998708,,435,16,16,0.5.0
vote,56,cart,3,0.9655172413793104,22.0,4.727272727272728,4.545454545454546,12.0,0.0016213020003306,,435,16,16,0.5.0
vote,56,cart,4,0.896551724137931,22.0,4.909090909090909,4.681818181818182,12.0,0.0016373839998777,,435,16,16,0.5.0
vote,56,cart_cv,0,0.9195402298850576,7.0,2.857142857142857,2.857142857142857,4.0,1.878686427000048,,435,16,16,0.5.0
vote,56,cart_cv,1,0.9655172413793104,3.0,1.6666666666666667,1.6666666666666667,2.0,1.6772543819997736,,435,16,16,0.5.0
vote,56,cart_cv,2,0.942528735632184,8.0,3.125,3.125,5.0,1.8548073530000693,,435,16,16,0.5.0
vote,56,cart_cv,3,0.942528735632184,9.0,3.333333333333333,2.888888888888889,6.0,1.563173420000112,,435,16,16,0.5.0
vote,56,cart_cv,4,0.9655172413793104,9.0,3.555555555555556,3.555555555555556,7.0,1.723847816000216,,435,16,16,0.5.0
vote,56,hgb,0,0.9310344827586208,,,,,0.0754102870000679,,435,16,16,0.5.0
vote,56,hgb,1,0.9655172413793104,,,,,0.0693870919999426,,435,16,16,0.5.0
vote,56,hgb,2,0.9655172413793104,,,,,0.0685657990002255,,435,16,16,0.5.0
vote,56,hgb,3,0.9655172413793104,,,,,0.0706017749998864,,435,16,16,0.5.0
vote,56,hgb,4,0.9195402298850576,,,,,0.0743360810001831,,435,16,16,0.5.0
vote,56,C5.0_R,0,0.942528735632184,5.0,,,4.0,0.0129999999999999,,435,16,16,0.5.0
vote,56,C5.0_R,1,0.96551724137931,4.0,,,3.0,0.0090000000000001,,435,16,16,0.5.0
vote,56,C5.0_R,2,0.96551724137931,2.0,,,1.0,0.022,,435,16,16,0.5.0
vote,56,C5.0_R,3,0.942528735632184,4.0,,,3.0,0.008,,435,16,16,0.5.0
vote,56,C5.0_R,4,0.977011494252874,5.0,,,4.0,0.008,,435,16,16,0.5.0
vote,56,C5.0_R_rules,0,0.942528735632184,4.0,,,4.0,0.01,,435,16,16,0.5.0
vote,56,C5.0_R_rules,1,0.96551724137931,4.0,,,3.0,0.01,,435,16,16,0.5.0
vote,56,C5.0_R_rules,2,0.96551724137931,2.0,,,1.0,0.0090000000000001,,435,16,16,0.5.0
vote,56,C5.0_R_rules,3,0.942528735632184,3.0,,,3.0,0.0089999999999999,,435,16,16,0.5.0
vote,56,C5.0_R_rules,4,0.977011494252874,4.0,,,4.0,0.0089999999999999,,435,16,16,0.5.0
vote,56,C5.0_R_boost,0,0.942528735632184,,,,,0.0130000000000001,,435,16,16,0.5.0
vote,56,C5.0_R_boost,1,0.96551724137931,,,,,0.0109999999999999,,435,16,16,0.5.0
vote,56,C5.0_R_boost,2,0.96551724137931,,,,,0.0089999999999999,,435,16,16,0.5.0
vote,56,C5.0_R_boost,3,0.954022988505747,,,,,0.0109999999999999,,435,16,16,0.5.0
vote,56,C5.0_R_boost,4,0.96551724137931,,,,,0.01,,435,16,16,0.5.0
eucalyptus,188,c50py,0,0.5878378378378378,78.0,10.423076923076923,7.435897435897436,17.0,0.7140461670001059,,736,19,5,0.5.0
eucalyptus,188,c50py,1,0.6054421768707483,81.0,9.320987654320987,6.962962962962963,17.0,0.5025773630000003,,736,19,5,0.5.0
eucalyptus,188,c50py,2,0.6258503401360545,79.0,9.949367088607596,7.291139240506329,17.0,0.6551108969997586,,736,19,5,0.5.0
eucalyptus,188,c50py,3,0.673469387755102,83.0,10.216867469879515,6.987951807228916,16.0,1.4009765920000063,,736,19,5,0.5.0
eucalyptus,188,c50py,4,0.6598639455782312,80.0,9.95,6.4625,18.0,1.3967853969998032,,736,19,5,0.5.0
eucalyptus,188,c50py_cv,0,0.5675675675675675,36.0,8.11111111111111,6.111111111111111,16.0,5.546662646000186,,736,19,5,0.5.0
eucalyptus,188,c50py_cv,1,0.6122448979591837,54.0,8.092592592592593,6.166666666666667,17.0,5.76500298899964,,736,19,5,0.5.0
eucalyptus,188,c50py_cv,2,0.6258503401360545,33.0,7.515151515151516,5.606060606060606,13.0,5.1170959539999785,,736,19,5,0.5.0
eucalyptus,188,c50py_cv,3,0.6802721088435374,41.0,8.658536585365853,6.0,13.0,12.817792172999816,,736,19,5,0.5.0
eucalyptus,188,c50py_cv,4,0.6530612244897959,59.0,8.898305084745763,5.898305084745763,17.0,10.047965193999971,,736,19,5,0.5.0
eucalyptus,188,c50py_winnow,0,0.5945945945945946,80.0,10.1875,6.975,14.0,1.0527997509998386,,736,19,5,0.5.0
eucalyptus,188,c50py_winnow,1,0.5782312925170068,78.0,9.08974358974359,6.294871794871795,11.0,1.051379461000124,,736,19,5,0.5.0
eucalyptus,188,c50py_winnow,2,0.6394557823129252,85.0,9.929411764705884,7.023529411764706,15.0,1.0075957080002809,,736,19,5,0.5.0
eucalyptus,188,c50py_winnow,3,0.6258503401360545,78.0,10.14102564102564,7.0256410256410255,16.0,4.696414482999899,,736,19,5,0.5.0
eucalyptus,188,c50py_winnow,4,0.564625850340136,72.0,9.444444444444445,6.222222222222222,14.0,2.046718430000056,,736,19,5,0.5.0
eucalyptus,188,c50py_rules,0,0.5472972972972973,33.0,4.575757575757576,3.909090909090909,17.0,0.8363954939995892,,736,19,5,0.5.0
eucalyptus,188,c50py_rules,1,0.6190476190476191,42.0,4.380952380952381,3.952380952380953,17.0,0.7036937820003004,,736,19,5,0.5.0
eucalyptus,188,c50py_rules,2,0.6326530612244898,42.0,4.571428571428571,4.0,16.0,0.7123927269994965,,736,19,5,0.5.0
eucalyptus,188,c50py_rules,3,0.6802721088435374,43.0,4.325581395348837,3.674418604651162,15.0,0.7979825600004915,,736,19,5,0.5.0
eucalyptus,188,c50py_rules,4,0.6598639455782312,34.0,4.411764705882353,3.7058823529411766,17.0,0.7465016979995198,,736,19,5,0.5.0
eucalyptus,188,c50py_boost,0,0.6216216216216216,,,,,5.413391806000163,10.0,736,19,5,0.5.0
eucalyptus,188,c50py_boost,1,0.7006802721088435,,,,,5.37347726500002,10.0,736,19,5,0.5.0
eucalyptus,188,c50py_boost,2,0.6462585034013606,,,,,5.078254850000121,10.0,736,19,5,0.5.0
eucalyptus,188,c50py_boost,3,0.673469387755102,,,,,18.48507400399967,10.0,736,19,5,0.5.0
eucalyptus,188,c50py_boost,4,0.6530612244897959,,,,,11.170426506999776,10.0,736,19,5,0.5.0
eucalyptus,188,cart,0,0.6351351351351351,139.0,9.266187050359711,6.079136690647482,19.0,0.009015687000101,,736,19,5,0.5.0
eucalyptus,188,cart,1,0.6190476190476191,143.0,9.41958041958042,6.475524475524476,18.0,0.005862560999958,,736,19,5,0.5.0
eucalyptus,188,cart,2,0.6258503401360545,142.0,9.584507042253522,6.394366197183099,18.0,0.005514666000181,,736,19,5,0.5.0
eucalyptus,188,cart,3,0.5850340136054422,147.0,9.489795918367347,6.571428571428571,18.0,0.0264345499999762,,736,19,5,0.5.0
eucalyptus,188,cart,4,0.6462585034013606,144.0,9.375,6.194444444444445,18.0,0.0145927210000991,,736,19,5,0.5.0
eucalyptus,188,cart_cv,0,0.6351351351351351,32.0,6.0,3.90625,13.0,3.633375771999909,,736,19,5,0.5.0
eucalyptus,188,cart_cv,1,0.6326530612244898,18.0,4.944444444444445,3.0,8.0,3.5797502540003734,,736,19,5,0.5.0
eucalyptus,188,cart_cv,2,0.6326530612244898,24.0,5.458333333333333,3.5,11.0,3.756693773000279,,736,19,5,0.5.0
eucalyptus,188,cart_cv,3,0.6054421768707483,24.0,5.5,4.125,10.0,11.671793337000054,,736,19,5,0.5.0
eucalyptus,188,cart_cv,4,0.6530612244897959,44.0,7.045454545454546,4.704545454545454,14.0,6.358611649999602,,736,19,5,0.5.0
eucalyptus,188,hgb,0,0.6418918918918919,,,,,0.5764504089997899,,736,19,5,0.5.0
eucalyptus,188,hgb,1,0.6666666666666666,,,,,0.7014287490001152,,736,19,5,0.5.0
eucalyptus,188,hgb,2,0.6394557823129252,,,,,1.1318874590001542,,736,19,5,0.5.0
eucalyptus,188,hgb,3,0.7142857142857143,,,,,2.29608949500016,,736,19,5,0.5.0
eucalyptus,188,hgb,4,0.673469387755102,,,,,1.2990939450000951,,736,19,5,0.5.0
eucalyptus,188,C5.0_R,0,0.628378378378378,51.0,,,13.0,0.0660000000000003,,736,19,5,0.5.0
eucalyptus,188,C5.0_R,1,0.564625850340136,56.0,,,12.0,0.0459999999999998,,736,19,5,0.5.0
eucalyptus,188,C5.0_R,2,0.666666666666667,36.0,,,12.0,0.0460000000000003,,736,19,5,0.5.0
eucalyptus,188,C5.0_R,3,0.639455782312925,29.0,,,12.0,0.0569999999999999,,736,19,5,0.5.0
eucalyptus,188,C5.0_R,4,0.646258503401361,56.0,,,11.0,0.0529999999999999,,736,19,5,0.5.0
eucalyptus,188,C5.0_R_rules,0,0.655405405405405,30.0,,,12.0,0.0510000000000002,,736,19,5,0.5.0
eucalyptus,188,C5.0_R_rules,1,0.578231292517007,28.0,,,12.0,0.052,,736,19,5,0.5.0
eucalyptus,188,C5.0_R_rules,2,0.680272108843537,21.0,,,11.0,0.052,,736,19,5,0.5.0
eucalyptus,188,C5.0_R_rules,3,0.659863945578231,15.0,,,12.0,0.056,,736,19,5,0.5.0
eucalyptus,188,C5.0_R_rules,4,0.646258503401361,25.0,,,11.0,0.0609999999999999,,736,19,5,0.5.0
eucalyptus,188,C5.0_R_boost,0,0.655405405405405,,,,,0.166,,736,19,5,0.5.0
eucalyptus,188,C5.0_R_boost,1,0.659863945578231,,,,,0.194,,736,19,5,0.5.0
eucalyptus,188,C5.0_R_boost,2,0.639455782312925,,,,,0.213,,736,19,5,0.5.0
eucalyptus,188,C5.0_R_boost,3,0.687074829931973,,,,,0.186,,736,19,5,0.5.0
eucalyptus,188,C5.0_R_boost,4,0.646258503401361,,,,,0.171,,736,19,5,0.5.0
bank-marketing,1461,c50py,0,0.899,208.0,10.634615384615383,7.201923076923077,16.0,3.143826437999905,,10000,16,9,0.5.0
bank-marketing,1461,c50py,1,0.8925,215.0,10.832558139534884,7.613953488372093,16.0,4.138058269999874,,10000,16,9,0.5.0
bank-marketing,1461,c50py,2,0.8925,238.0,11.365546218487395,7.630252100840337,16.0,4.775782612000057,,10000,16,9,0.5.0
bank-marketing,1461,c50py,3,0.898,179.0,10.273743016759775,7.47486033519553,16.0,3.3985150369999246,,10000,16,9,0.5.0
bank-marketing,1461,c50py,4,0.9,206.0,11.223300970873789,7.820388349514563,16.0,4.353675872000167,,10000,16,9,0.5.0
bank-marketing,1461,c50py_cv,0,0.904,84.0,8.44047619047619,6.035714285714286,15.0,33.75879438699985,,10000,16,9,0.5.0
bank-marketing,1461,c50py_cv,1,0.8995,42.0,7.142857142857143,5.714285714285714,15.0,36.65548821599987,,10000,16,9,0.5.0
bank-marketing,1461,c50py_cv,2,0.9005,75.0,9.466666666666669,6.666666666666667,15.0,38.01476343599961,,10000,16,9,0.5.0
bank-marketing,1461,c50py_cv,3,0.903,25.0,6.8,5.64,13.0,33.344128614000056,,10000,16,9,0.5.0
bank-marketing,1461,c50py_cv,4,0.901,41.0,7.7560975609756095,5.878048780487805,15.0,36.53509503499981,,10000,16,9,0.5.0
bank-marketing,1461,c50py_winnow,0,0.903,11.0,4.181818181818182,2.909090909090909,5.0,6.600198221000028,,10000,16,9,0.5.0
bank-marketing,1461,c50py_winnow,1,0.9,141.0,9.404255319148936,6.148936170212766,11.0,7.709301218999826,,10000,16,9,0.5.0
bank-marketing,1461,c50py_winnow,2,0.898,51.0,6.686274509803922,4.549019607843137,9.0,3.41203415200016,,10000,16,9,0.5.0
bank-marketing,1461,c50py_winnow,3,0.889,25.0,6.64,5.12,10.0,7.102835317000427,,10000,16,9,0.5.0
bank-marketing,1461,c50py_winnow,4,0.8965,47.0,7.51063829787234,5.638297872340425,11.0,8.09964085699994,,10000,16,9,0.5.0
bank-marketing,1461,c50py_rules,0,0.9015,72.0,5.097222222222222,4.708333333333333,16.0,9.899184550999962,,10000,16,9,0.5.0
bank-marketing,1461,c50py_rules,1,0.902,71.0,4.71830985915493,4.394366197183099,16.0,12.330004713000562,,10000,16,9,0.5.0
bank-marketing,1461,c50py_rules,2,0.897,85.0,5.505882352941176,5.117647058823529,15.0,10.77406260800035,,10000,16,9,0.5.0
bank-marketing,1461,c50py_rules,3,0.8995,63.0,5.079365079365079,4.761904761904762,16.0,7.5987526090002575,,10000,16,9,0.5.0
bank-marketing,1461,c50py_rules,4,0.9045,80.0,4.825,4.55,16.0,9.313815894999609,,10000,16,9,0.5.0
bank-marketing,1461,c50py_boost,0,0.902,,,,,42.63464862199999,10.0,10000,16,9,0.5.0
bank-marketing,1461,c50py_boost,1,0.8975,,,,,41.797394407999946,10.0,10000,16,9,0.5.0
bank-marketing,1461,c50py_boost,2,0.903,,,,,40.57454723000001,10.0,10000,16,9,0.5.0
bank-marketing,1461,c50py_boost,3,0.901,,,,,40.59478086399986,10.0,10000,16,9,0.5.0
bank-marketing,1461,c50py_boost,4,0.9075,,,,,42.580199540000194,10.0,10000,16,9,0.5.0
bank-marketing,1461,cart,0,0.876,668.0,14.425149700598803,8.229041916167665,16.0,0.1304223540000748,,10000,16,9,0.5.0
bank-marketing,1461,cart,1,0.881,669.0,15.316890881913304,7.994020926756352,16.0,0.1376403640001626,,10000,16,9,0.5.0
bank-marketing,1461,cart,2,0.8705,653.0,14.863705972434916,7.624808575803981,16.0,0.13671530099964,,10000,16,9,0.5.0
bank-marketing,1461,cart,3,0.865,644.0,14.340062111801242,8.277950310559007,16.0,0.1229900749999615,,10000,16,9,0.5.0
bank-marketing,1461,cart,4,0.863,659.0,14.264036418816389,7.731411229135053,16.0,0.1229782289997274,,10000,16,9,0.5.0
bank-marketing,1461,cart_cv,0,0.8985,22.0,5.954545454545454,4.0,7.0,52.83083404299987,,10000,16,9,0.5.0
bank-marketing,1461,cart_cv,1,0.903,24.0,7.25,4.291666666666667,8.0,56.416463493000265,,10000,16,9,0.5.0
bank-marketing,1461,cart_cv,2,0.902,24.0,6.791666666666667,4.291666666666667,9.0,48.64107757800002,,10000,16,9,0.5.0
bank-marketing,1461,cart_cv,3,0.906,22.0,5.681818181818182,4.045454545454546,8.0,50.05209062599988,,10000,16,9,0.5.0
bank-marketing,1461,cart_cv,4,0.905,22.0,6.0,4.0,8.0,54.38260865199982,,10000,16,9,0.5.0
bank-marketing,1461,hgb,0,0.9085,,,,,0.5989035000002332,,10000,16,9,0.5.0
bank-marketing,1461,hgb,1,0.903,,,,,0.5427364040001521,,10000,16,9,0.5.0
bank-marketing,1461,hgb,2,0.9055,,,,,0.5300652649998483,,10000,16,9,0.5.0
bank-marketing,1461,hgb,3,0.904,,,,,0.5523044759997902,,10000,16,9,0.5.0
bank-marketing,1461,hgb,4,0.904,,,,,0.5456568109998443,,10000,16,9,0.5.0
bank-marketing,1461,C5.0_R,0,0.903,95.0,,,15.0,0.501,,10000,16,9,0.5.0
bank-marketing,1461,C5.0_R,1,0.9035,84.0,,,16.0,0.386,,10000,16,9,0.5.0
bank-marketing,1461,C5.0_R,2,0.904,78.0,,,16.0,0.411,,10000,16,9,0.5.0
bank-marketing,1461,C5.0_R,3,0.9015,70.0,,,14.0,0.444999999999999,,10000,16,9,0.5.0
bank-marketing,1461,C5.0_R,4,0.9025,57.0,,,15.0,0.401,,10000,16,9,0.5.0
bank-marketing,1461,C5.0_R_rules,0,0.905,39.0,,,15.0,0.46,,10000,16,9,0.5.0
bank-marketing,1461,C5.0_R_rules,1,0.907,28.0,,,12.0,0.485,,10000,16,9,0.5.0
bank-marketing,1461,C5.0_R_rules,2,0.9115,31.0,,,12.0,0.494999999999999,,10000,16,9,0.5.0
bank-marketing,1461,C5.0_R_rules,3,0.8985,28.0,,,13.0,0.576000000000001,,10000,16,9,0.5.0
bank-marketing,1461,C5.0_R_rules,4,0.9,31.0,,,14.0,0.459,,10000,16,9,0.5.0
bank-marketing,1461,C5.0_R_boost,0,0.904,,,,,1.036,,10000,16,9,0.5.0
bank-marketing,1461,C5.0_R_boost,1,0.9005,,,,,0.95,,10000,16,9,0.5.0
bank-marketing,1461,C5.0_R_boost,2,0.9125,,,,,0.948,,10000,16,9,0.5.0
bank-marketing,1461,C5.0_R_boost,3,0.9,,,,,0.973000000000001,,10000,16,9,0.5.0
bank-marketing,1461,C5.0_R_boost,4,0.9,,,,,0.956999999999999,,10000,16,9,0.5.0
adult,1590,c50py,0,0.8455,95.0,10.736842105263158,6.91578947368421,13.0,3.368217753999943,,10000,14,8,0.5.0
adult,1590,c50py,1,0.842,44.0,9.090909090909092,5.954545454545454,11.0,2.774920514000314,,10000,14,8,0.5.0
adult,1590,c50py,2,0.842,79.0,9.734177215189874,6.810126582278481,13.0,2.78662396000027,,10000,14,8,0.5.0
adult,1590,c50py,3,0.8475,102.0,10.764705882352942,7.176470588235294,14.0,2.703475089000221,,10000,14,8,0.5.0
adult,1590,c50py,4,0.855,75.0,9.506666666666666,6.626666666666667,14.0,2.8952617209997698,,10000,14,8,0.5.0
adult,1590,c50py_cv,0,0.8475,36.0,7.722222222222222,6.138888888888889,11.0,23.974561430999984,,10000,14,8,0.5.0
adult,1590,c50py_cv,1,0.848,19.0,6.473684210526316,4.842105263157895,8.0,24.64258136600029,,10000,14,8,0.5.0
adult,1590,c50py_cv,2,0.849,15.0,6.133333333333334,4.933333333333334,9.0,23.287866915999984,,10000,14,8,0.5.0
adult,1590,c50py_cv,3,0.852,52.0,9.576923076923077,6.788461538461538,11.0,24.73282288600012,,10000,14,8,0.5.0
adult,1590,c50py_cv,4,0.861,15.0,5.733333333333333,4.466666666666667,7.0,24.510598470999867,,10000,14,8,0.5.0
adult,1590,c50py_winnow,0,0.8495,84.0,9.892857142857142,6.845238095238095,12.0,5.044219894999969,,10000,14,8,0.5.0
adult,1590,c50py_winnow,1,0.8485,14.0,5.428571428571429,3.571428571428572,5.0,4.460941375000402,,10000,14,8,0.5.0
adult,1590,c50py_winnow,2,0.842,79.0,9.734177215189874,6.810126582278481,13.0,5.3588422400002855,,10000,14,8,0.5.0
adult,1590,c50py_winnow,3,0.8445,59.0,9.033898305084746,5.762711864406779,10.0,5.139422265000121,,10000,14,8,0.5.0
adult,1590,c50py_winnow,4,0.855,36.0,6.805555555555555,4.888888888888889,10.0,5.133524403000138,,10000,14,8,0.5.0
adult,1590,c50py_rules,0,0.8545,31.0,4.645161290322581,4.064516129032258,12.0,3.6152701179998985,,10000,14,8,0.5.0
adult,1590,c50py_rules,1,0.846,20.0,3.55,3.15,8.0,1.932335014999808,,10000,14,8,0.5.0
adult,1590,c50py_rules,2,0.8465,28.0,4.785714285714286,4.285714285714286,12.0,2.8030872859999363,,10000,14,8,0.5.0
adult,1590,c50py_rules,3,0.859,29.0,4.551724137931035,4.0344827586206895,13.0,4.193658609000522,,10000,14,8,0.5.0
adult,1590,c50py_rules,4,0.859,23.0,4.695652173913044,4.173913043478261,12.0,2.4957488529998955,,10000,14,8,0.5.0
adult,1590,c50py_boost,0,0.8595,,,,,38.86721105199968,10.0,10000,14,8,0.5.0
adult,1590,c50py_boost,1,0.842,,,,,31.00187170800018,10.0,10000,14,8,0.5.0
adult,1590,c50py_boost,2,0.839,,,,,35.89718320400016,10.0,10000,14,8,0.5.0
adult,1590,c50py_boost,3,0.83,,,,,36.4247160699997,10.0,10000,14,8,0.5.0
adult,1590,c50py_boost,4,0.848,,,,,37.6291764890002,10.0,10000,14,8,0.5.0
adult,1590,cart,0,0.8165,1162.0,17.96385542168675,9.210843373493976,14.0,0.1400314150000667,,10000,14,8,0.5.0
adult,1590,cart,1,0.8025,1158.0,17.772884283246977,9.256476683937825,14.0,0.1869781970003714,,10000,14,8,0.5.0
adult,1590,cart,2,0.8075,1151.0,18.261511728931364,9.731537793223284,14.0,0.1431297010003618,,10000,14,8,0.5.0
adult,1590,cart,3,0.809,1124.0,17.412811387900355,9.540925266903914,14.0,0.1389639560002251,,10000,14,8,0.5.0
adult,1590,cart,4,0.826,1185.0,18.707172995780592,9.548523206751057,14.0,0.187955157000033,,10000,14,8,0.5.0
adult,1590,cart_cv,0,0.853,32.0,6.375,5.09375,9.0,56.36239488299998,,10000,14,8,0.5.0
adult,1590,cart_cv,1,0.8455,11.0,3.8181818181818175,3.5454545454545454,5.0,51.57640996400005,,10000,14,8,0.5.0
adult,1590,cart_cv,2,0.8485,30.0,6.2,5.533333333333333,11.0,48.31032019700024,,10000,14,8,0.5.0
adult,1590,cart_cv,3,0.84,31.0,6.32258064516129,5.483870967741935,11.0,55.85255766699993,,10000,14,8,0.5.0
adult,1590,cart_cv,4,0.8575,35.0,6.6,5.457142857142857,11.0,48.53311620600016,,10000,14,8,0.5.0
adult,1590,hgb,0,0.8655,,,,,0.5901328049999393,,10000,14,8,0.5.0
adult,1590,hgb,1,0.8605,,,,,0.4685288250002486,,10000,14,8,0.5.0
adult,1590,hgb,2,0.8605,,,,,0.5137570709998727,,10000,14,8,0.5.0
adult,1590,hgb,3,0.8605,,,,,0.5464622819999931,,10000,14,8,0.5.0
adult,1590,hgb,4,0.8705,,,,,0.2458633760002158,,10000,14,8,0.5.0
adult,1590,C5.0_R,0,0.859,40.0,,,10.0,0.235,,10000,14,8,0.5.0
adult,1590,C5.0_R,1,0.852,27.0,,,11.0,0.224,,10000,14,8,0.5.0
adult,1590,C5.0_R,2,0.8515,56.0,,,11.0,0.224,,10000,14,8,0.5.0
adult,1590,C5.0_R,3,0.8535,38.0,,,11.0,0.246,,10000,14,8,0.5.0
adult,1590,C5.0_R,4,0.8635,30.0,,,9.0,0.306,,10000,14,8,0.5.0
adult,1590,C5.0_R_rules,0,0.8585,23.0,,,9.0,0.257,,10000,14,8,0.5.0
adult,1590,C5.0_R_rules,1,0.8505,18.0,,,10.0,0.245,,10000,14,8,0.5.0
adult,1590,C5.0_R_rules,2,0.8575,24.0,,,11.0,0.273,,10000,14,8,0.5.0
adult,1590,C5.0_R_rules,3,0.852,18.0,,,11.0,0.281000000000001,,10000,14,8,0.5.0
adult,1590,C5.0_R_rules,4,0.863,22.0,,,8.0,0.244999999999999,,10000,14,8,0.5.0
adult,1590,C5.0_R_boost,0,0.8695,,,,,0.489,,10000,14,8,0.5.0
adult,1590,C5.0_R_boost,1,0.86,,,,,0.456,,10000,14,8,0.5.0
adult,1590,C5.0_R_boost,2,0.8535,,,,,0.496,,10000,14,8,0.5.0
adult,1590,C5.0_R_boost,3,0.8575,,,,,0.545,,10000,14,8,0.5.0
adult,1590,C5.0_R_boost,4,0.871,,,,,0.495,,10000,14,8,0.5.0
cylinder-bands,6332,c50py,0,0.6666666666666666,44.0,9.727272727272728,8.522727272727273,21.0,1.041211175999706,,540,35,17,0.5.0
cylinder-bands,6332,c50py,1,0.75,43.0,10.186046511627907,9.255813953488373,25.0,0.5613621970001077,,540,35,17,0.5.0
cylinder-bands,6332,c50py,2,0.7314814814814815,40.0,9.425,8.55,20.0,0.4653171099998872,,540,35,17,0.5.0
cylinder-bands,6332,c50py,3,0.6759259259259259,40.0,10.175,8.1,22.0,0.6349720719999823,,540,35,17,0.5.0
cylinder-bands,6332,c50py,4,0.7129629629629629,35.0,8.714285714285714,7.0,22.0,0.4843841389997578,,540,35,17,0.5.0
cylinder-bands,6332,c50py_cv,0,0.6666666666666666,52.0,9.923076923076923,8.788461538461538,22.0,10.182650011000078,,540,35,17,0.5.0
cylinder-bands,6332,c50py_cv,1,0.6944444444444444,26.0,8.961538461538462,8.26923076923077,19.0,4.633686395999575,,540,35,17,0.5.0
cylinder-bands,6332,c50py_cv,2,0.7314814814814815,40.0,9.425,8.55,20.0,4.780118844000299,,540,35,17,0.5.0
cylinder-bands,6332,c50py_cv,3,0.6759259259259259,40.0,10.175,8.1,22.0,5.242107849000149,,540,35,17,0.5.0
cylinder-bands,6332,c50py_cv,4,0.7314814814814815,40.0,9.25,7.35,24.0,5.061187942000288,,540,35,17,0.5.0
cylinder-bands,6332,c50py_winnow,0,0.6666666666666666,44.0,9.772727272727272,8.090909090909092,17.0,1.824240879000172,,540,35,17,0.5.0
cylinder-bands,6332,c50py_winnow,1,0.7037037037037037,23.0,9.0,8.130434782608695,14.0,1.2425866030002908,,540,35,17,0.5.0
cylinder-bands,6332,c50py_winnow,2,0.7129629629629629,41.0,8.853658536585366,7.829268292682927,16.0,1.0673946259998957,,540,35,17,0.5.0
cylinder-bands,6332,c50py_winnow,3,0.6944444444444444,34.0,10.235294117647058,7.352941176470588,16.0,0.9953841950000424,,540,35,17,0.5.0
cylinder-bands,6332,c50py_winnow,4,0.6481481481481481,31.0,8.741935483870968,7.580645161290323,14.0,1.0099150279997955,,540,35,17,0.5.0
cylinder-bands,6332,c50py_rules,0,0.7037037037037037,14.0,3.0,3.0,17.0,0.5541464329999144,,540,35,17,0.5.0
cylinder-bands,6332,c50py_rules,1,0.7962962962962963,19.0,3.631578947368421,3.631578947368421,22.0,0.5647747459997845,,540,35,17,0.5.0
cylinder-bands,6332,c50py_rules,2,0.7314814814814815,20.0,3.8,3.65,19.0,0.5584281360006571,,540,35,17,0.5.0
cylinder-bands,6332,c50py_rules,3,0.7222222222222222,20.0,3.5,3.5,20.0,0.6520585979997122,,540,35,17,0.5.0
cylinder-bands,6332,c50py_rules,4,0.7314814814814815,18.0,2.833333333333333,2.7777777777777777,19.0,0.5970432439999058,,540,35,17,0.5.0
cylinder-bands,6332,c50py_boost,0,0.7962962962962963,,,,,10.456576849000156,10.0,540,35,17,0.5.0
cylinder-bands,6332,c50py_boost,1,0.7870370370370371,,,,,5.256758188999811,10.0,540,35,17,0.5.0
cylinder-bands,6332,c50py_boost,2,0.7870370370370371,,,,,5.335765733000244,10.0,540,35,17,0.5.0
cylinder-bands,6332,c50py_boost,3,0.8240740740740741,,,,,5.152067842999713,10.0,540,35,17,0.5.0
cylinder-bands,6332,c50py_boost,4,0.7592592592592593,,,,,5.729413699000361,10.0,540,35,17,0.5.0
cylinder-bands,6332,cart,0,0.7685185185185185,60.0,8.116666666666667,7.233333333333333,23.0,0.0100431870000647,,540,35,17,0.5.0
cylinder-bands,6332,cart,1,0.75,63.0,8.587301587301587,7.396825396825397,22.0,0.0053301040002224,,540,35,17,0.5.0
cylinder-bands,6332,cart,2,0.6944444444444444,60.0,8.85,7.566666666666666,24.0,0.0060724370000571,,540,35,17,0.5.0
cylinder-bands,6332,cart,3,0.7870370370370371,61.0,9.37704918032787,7.901639344262295,23.0,0.0056071109997901,,540,35,17,0.5.0
cylinder-bands,6332,cart,4,0.7037037037037037,60.0,8.666666666666666,7.983333333333333,24.0,0.0082204089999322,,540,35,17,0.5.0
cylinder-bands,6332,cart_cv,0,0.7592592592592593,16.0,5.75,5.5,12.0,5.238603277000038,,540,35,17,0.5.0
cylinder-bands,6332,cart_cv,1,0.7314814814814815,53.0,8.075471698113208,7.188679245283019,21.0,3.378959454000324,,540,35,17,0.5.0
cylinder-bands,6332,cart_cv,2,0.6759259259259259,42.0,7.690476190476191,6.976190476190476,25.0,3.340407887999845,,540,35,17,0.5.0
cylinder-bands,6332,cart_cv,3,0.7685185185185185,21.0,7.0,6.238095238095238,14.0,3.1451236719999542,,540,35,17,0.5.0
cylinder-bands,6332,cart_cv,4,0.7592592592592593,23.0,5.956521739130435,5.956521739130435,14.0,2.962467619000108,,540,35,17,0.5.0
cylinder-bands,6332,hgb,0,0.8425925925925926,,,,,0.1286832680002589,,540,35,17,0.5.0
cylinder-bands,6332,hgb,1,0.8148148148148148,,,,,0.1234943760000533,,540,35,17,0.5.0
cylinder-bands,6332,hgb,2,0.8703703703703703,,,,,0.1178732139997009,,540,35,17,0.5.0
cylinder-bands,6332,hgb,3,0.8333333333333334,,,,,0.116171783000027,,540,35,17,0.5.0
cylinder-bands,6332,hgb,4,0.7870370370370371,,,,,0.117061134999858,,540,35,17,0.5.0
cylinder-bands,6332,C5.0_R,0,0.666666666666667,5.0,,,4.0,0.03,,540,35,17,0.5.0
cylinder-bands,6332,C5.0_R,1,0.759259259259259,60.0,,,24.0,0.026,,540,35,17,0.5.0
cylinder-bands,6332,C5.0_R,2,0.703703703703704,35.0,,,15.0,0.026,,540,35,17,0.5.0
cylinder-bands,6332,C5.0_R,3,0.75,58.0,,,20.0,0.0249999999999999,,540,35,17,0.5.0
cylinder-bands,6332,C5.0_R,4,0.703703703703704,51.0,,,20.0,0.0270000000000001,,540,35,17,0.5.0
cylinder-bands,6332,C5.0_R_rules,0,0.666666666666667,5.0,,,4.0,0.0250000000000001,,540,35,17,0.5.0
cylinder-bands,6332,C5.0_R_rules,1,0.759259259259259,22.0,,,20.0,0.042,,540,35,17,0.5.0
cylinder-bands,6332,C5.0_R_rules,2,0.62037037037037,12.0,,,13.0,0.03,,540,35,17,0.5.0
cylinder-bands,6332,C5.0_R_rules,3,0.759259259259259,12.0,,,12.0,0.03,,540,35,17,0.5.0
cylinder-bands,6332,C5.0_R_rules,4,0.712962962962963,17.0,,,16.0,0.0290000000000004,,540,35,17,0.5.0
cylinder-bands,6332,C5.0_R_boost,0,0.75,,,,,0.052,,540,35,17,0.5.0
cylinder-bands,6332,C5.0_R_boost,1,0.851851851851852,,,,,0.071,,540,35,17,0.5.0
cylinder-bands,6332,C5.0_R_boost,2,0.777777777777778,,,,,0.0700000000000001,,540,35,17,0.5.0
cylinder-bands,6332,C5.0_R_boost,3,0.833333333333333,,,,,0.071,,540,35,17,0.5.0
cylinder-bands,6332,C5.0_R_boost,4,0.740740740740741,,,,,0.081,,540,35,17,0.5.0
dresses-sales,23381,c50py,0,0.58,4.0,2.25,1.75,2.0,0.0528536309998344,,500,12,11,0.5.0
dresses-sales,23381,c50py,1,0.6,2.0,1.0,1.0,1.0,0.0309895720001804,,500,12,11,0.5.0
dresses-sales,23381,c50py,2,0.58,22.0,6.045454545454546,4.636363636363637,10.0,0.1754034400000819,,500,12,11,0.5.0
dresses-sales,23381,c50py,3,0.62,9.0,4.222222222222222,3.4444444444444446,6.0,0.0940649270000903,,500,12,11,0.5.0
dresses-sales,23381,c50py,4,0.53,17.0,5.470588235294118,4.411764705882353,7.0,0.1175754680002683,,500,12,11,0.5.0
dresses-sales,23381,c50py_cv,0,0.59,3.0,1.6666666666666667,1.6666666666666667,2.0,0.6060764799999561,,500,12,11,0.5.0
dresses-sales,23381,c50py_cv,1,0.6,2.0,1.0,1.0,1.0,0.3529771419998724,,500,12,11,0.5.0
dresses-sales,23381,c50py_cv,2,0.59,28.0,6.5,4.785714285714286,10.0,0.9404262949997246,,500,12,11,0.5.0
dresses-sales,23381,c50py_cv,3,0.61,2.0,1.0,1.0,1.0,0.9308993360000386,,500,12,11,0.5.0
dresses-sales,23381,c50py_cv,4,0.55,14.0,4.785714285714286,4.071428571428571,7.0,0.7612749200002327,,500,12,11,0.5.0
dresses-sales,23381,c50py_winnow,0,0.59,3.0,1.6666666666666667,1.6666666666666667,2.0,0.0594851119999475,,500,12,11,0.5.0
dresses-sales,23381,c50py_winnow,1,0.64,2.0,1.0,1.0,1.0,0.0369486269996741,,500,12,11,0.5.0
dresses-sales,23381,c50py_winnow,2,0.62,2.0,1.0,1.0,1.0,0.0397887499998432,,500,12,11,0.5.0
dresses-sales,23381,c50py_winnow,3,0.64,2.0,1.0,1.0,1.0,0.0330873029997746,,500,12,11,0.5.0
dresses-sales,23381,c50py_winnow,4,0.56,2.0,1.0,1.0,1.0,0.0894473829998787,,500,12,11,0.5.0
dresses-sales,23381,c50py_rules,0,0.58,4.0,1.25,1.25,2.0,0.0552053390001674,,500,12,11,0.5.0
dresses-sales,23381,c50py_rules,1,0.6,2.0,1.0,1.0,1.0,0.0394998149995444,,500,12,11,0.5.0
dresses-sales,23381,c50py_rules,2,0.63,6.0,2.0,2.0,7.0,0.204044915999475,,500,12,11,0.5.0
dresses-sales,23381,c50py_rules,3,0.58,3.0,2.333333333333333,2.0,4.0,0.1040476660000422,,500,12,11,0.5.0
dresses-sales,23381,c50py_rules,4,0.57,5.0,2.2,2.2,5.0,0.1461051329997644,,500,12,11,0.5.0
dresses-sales,23381,c50py_boost,0,0.58,,,,,0.1098201730001164,3.0,500,12,11,0.5.0
dresses-sales,23381,c50py_boost,1,0.66,,,,,0.11490702600031,3.0,500,12,11,0.5.0
dresses-sales,23381,c50py_boost,2,0.58,,,,,0.1320207889998528,1.0,500,12,11,0.5.0
dresses-sales,23381,c50py_boost,3,0.6,,,,,0.1186833199999455,2.0,500,12,11,0.5.0
dresses-sales,23381,c50py_boost,4,0.56,,,,,0.2630269060000501,3.0,500,12,11,0.5.0
dresses-sales,23381,cart,0,0.57,114.0,11.596491228070176,7.754385964912281,12.0,0.0046990199998617,,500,12,11,0.5.0
dresses-sales,23381,cart,1,0.52,111.0,9.963963963963964,7.747747747747748,12.0,0.0036358870002004,,500,12,11,0.5.0
dresses-sales,23381,cart,2,0.5,110.0,11.327272727272728,6.881818181818182,12.0,0.0050679890000537,,500,12,11,0.5.0
dresses-sales,23381,cart,3,0.56,123.0,10.138211382113822,7.894308943089431,12.0,0.0039482170000155,,500,12,11,0.5.0
dresses-sales,23381,cart,4,0.53,110.0,9.363636363636363,7.254545454545455,12.0,0.0036568589998751,,500,12,11,0.5.0
dresses-sales,23381,cart_cv,0,0.64,3.0,1.6666666666666667,1.6666666666666667,2.0,2.4850511549998373,,500,12,11,0.5.0
dresses-sales,23381,cart_cv,1,0.61,14.0,5.142857142857143,5.0,9.0,2.496222608000153,,500,12,11,0.5.0
dresses-sales,23381,cart_cv,2,0.61,2.0,1.0,1.0,1.0,2.1675910950002617,,500,12,11,0.5.0
dresses-sales,23381,cart_cv,3,0.65,3.0,1.6666666666666667,1.6666666666666667,2.0,2.2329626890000327,,500,12,11,0.5.0
dresses-sales,23381,cart_cv,4,0.55,95.0,8.547368421052632,6.757894736842105,12.0,2.3467130519998136,,500,12,11,0.5.0
dresses-sales,23381,hgb,0,0.6,,,,,0.0718428969998967,,500,12,11,0.5.0
dresses-sales,23381,hgb,1,0.51,,,,,0.0771097780002492,,500,12,11,0.5.0
dresses-sales,23381,hgb,2,0.61,,,,,0.0796609059998445,,500,12,11,0.5.0
dresses-sales,23381,hgb,3,0.65,,,,,0.0731946630003221,,500,12,11,0.5.0
dresses-sales,23381,hgb,4,0.58,,,,,0.0780163310000716,,500,12,11,0.5.0
dresses-sales,23381,C5.0_R,0,0.58,1.0,,,,0.0150000000000001,,500,12,11,0.5.0
dresses-sales,23381,C5.0_R,1,0.6,4.0,,,2.0,0.0110000000000001,,500,12,11,0.5.0
dresses-sales,23381,C5.0_R,2,0.56,10.0,,,4.0,0.0109999999999999,,500,12,11,0.5.0
dresses-sales,23381,C5.0_R,3,0.64,5.0,,,3.0,0.0129999999999999,,500,12,11,0.5.0
dresses-sales,23381,C5.0_R,4,0.61,13.0,,,6.0,0.0109999999999999,,500,12,11,0.5.0
dresses-sales,23381,C5.0_R_rules,0,0.58,0.0,,,,0.012,,500,12,11,0.5.0
dresses-sales,23381,C5.0_R_rules,1,0.61,3.0,,,2.0,0.012,,500,12,11,0.5.0
dresses-sales,23381,C5.0_R_rules,2,0.54,7.0,,,4.0,0.0249999999999999,,500,12,11,0.5.0
dresses-sales,23381,C5.0_R_rules,3,0.69,4.0,,,3.0,0.0129999999999999,,500,12,11,0.5.0
dresses-sales,23381,C5.0_R_rules,4,0.63,8.0,,,5.0,0.0109999999999999,,500,12,11,0.5.0
dresses-sales,23381,C5.0_R_boost,0,0.58,,,,,0.01,,500,12,11,0.5.0
dresses-sales,23381,C5.0_R_boost,1,0.6,,,,,0.012,,500,12,11,0.5.0
dresses-sales,23381,C5.0_R_boost,2,0.61,,,,,0.012,,500,12,11,0.5.0
dresses-sales,23381,C5.0_R_boost,3,0.64,,,,,0.0129999999999999,,500,12,11,0.5.0
dresses-sales,23381,C5.0_R_boost,4,0.55,,,,,0.016,,500,12,11,0.5.0
churn,40701,c50py,0,0.948,52.0,6.596153846153846,5.211538461538462,15.0,0.6766782879999482,,5000,20,4,0.5.0
churn,40701,c50py,1,0.946,44.0,6.454545454545454,5.159090909090909,15.0,0.8283414580000681,,5000,20,4,0.5.0
churn,40701,c50py,2,0.946,63.0,7.158730158730159,5.7936507936507935,16.0,0.6358849250000276,,5000,20,4,0.5.0
churn,40701,c50py,3,0.937,46.0,6.782608695652174,5.152173913043479,15.0,0.9030107319999844,,5000,20,4,0.5.0
churn,40701,c50py,4,0.943,76.0,7.7105263157894735,6.026315789473684,17.0,0.776398973999676,,5000,20,4,0.5.0
churn,40701,c50py_cv,0,0.946,39.0,5.948717948717949,4.435897435897436,14.0,6.8348904340000445,,5000,20,4,0.5.0
churn,40701,c50py_cv,1,0.946,44.0,6.454545454545454,5.159090909090909,15.0,10.79270765199999,,5000,20,4,0.5.0
churn,40701,c50py_cv,2,0.949,46.0,6.652173913043479,5.304347826086956,14.0,7.89637609500005,,5000,20,4,0.5.0
churn,40701,c50py_cv,3,0.943,36.0,6.416666666666667,4.805555555555555,12.0,7.365035832000103,,5000,20,4,0.5.0
churn,40701,c50py_cv,4,0.943,76.0,7.7105263157894735,6.026315789473684,17.0,6.573354954000024,,5000,20,4,0.5.0
churn,40701,c50py_winnow,0,0.945,45.0,6.266666666666667,4.777777777777778,12.0,1.6520135379996643,,5000,20,4,0.5.0
churn,40701,c50py_winnow,1,0.948,42.0,6.309523809523809,4.976190476190476,13.0,3.4409496949997447,,5000,20,4,0.5.0
churn,40701,c50py_winnow,2,0.944,61.0,7.049180327868853,5.704918032786885,15.0,1.7669144299998152,,5000,20,4,0.5.0
churn,40701,c50py_winnow,3,0.942,48.0,6.895833333333333,5.083333333333333,11.0,1.9661978049998647,,5000,20,4,0.5.0
churn,40701,c50py_winnow,4,0.945,65.0,7.538461538461538,5.707692307692308,13.0,1.44835376500032,,5000,20,4,0.5.0
churn,40701,c50py_rules,0,0.946,22.0,3.409090909090909,3.272727272727273,15.0,1.0583649939999304,,5000,20,4,0.5.0
churn,40701,c50py_rules,1,0.944,30.0,3.566666666666667,3.3666666666666667,15.0,1.1561172219999207,,5000,20,4,0.5.0
churn,40701,c50py_rules,2,0.954,24.0,3.7083333333333335,3.6666666666666665,13.0,1.2206552550005654,,5000,20,4,0.5.0
churn,40701,c50py_rules,3,0.945,22.0,3.409090909090909,3.272727272727273,11.0,1.2173330579998949,,5000,20,4,0.5.0
churn,40701,c50py_rules,4,0.95,26.0,4.038461538461538,3.8461538461538463,17.0,1.2507911860002423,,5000,20,4,0.5.0
churn,40701,c50py_boost,0,0.949,,,,,12.34651449399962,10.0,5000,20,4,0.5.0
churn,40701,c50py_boost,1,0.954,,,,,24.857110216000365,10.0,5000,20,4,0.5.0
churn,40701,c50py_boost,2,0.955,,,,,12.465673417999824,10.0,5000,20,4,0.5.0
churn,40701,c50py_boost,3,0.952,,,,,14.04996501100004,10.0,5000,20,4,0.5.0
churn,40701,c50py_boost,4,0.964,,,,,12.831829792999995,10.0,5000,20,4,0.5.0
churn,40701,cart,0,0.922,237.0,13.873417721518988,8.514767932489452,20.0,0.0687832769999658,,5000,20,4,0.5.0
churn,40701,cart,1,0.909,240.0,13.516666666666667,8.975,19.0,0.1480689790000724,,5000,20,4,0.5.0
churn,40701,cart,2,0.921,241.0,14.049792531120332,8.136929460580912,20.0,0.0642098989997066,,5000,20,4,0.5.0
churn,40701,cart,3,0.906,238.0,13.483193277310924,9.15126050420168,20.0,0.062951589000022,,5000,20,4,0.5.0
churn,40701,cart,4,0.91,248.0,14.818548387096774,8.794354838709678,20.0,0.0962196230002518,,5000,20,4,0.5.0
churn,40701,cart_cv,0,0.939,29.0,6.206896551724138,4.482758620689655,13.0,28.98750394400031,,5000,20,4,0.5.0
churn,40701,cart_cv,1,0.941,34.0,6.205882352941177,4.617647058823529,13.0,52.57239024399996,,5000,20,4,0.5.0
churn,40701,cart_cv,2,0.94,48.0,7.0625,5.145833333333333,13.0,27.589825167000072,,5000,20,4,0.5.0
churn,40701,cart_cv,3,0.934,23.0,5.652173913043479,4.608695652173913,12.0,26.364968351000243,,5000,20,4,0.5.0
churn,40701,cart_cv,4,0.945,38.0,6.289473684210527,5.026315789473684,14.0,27.99832824999976,,5000,20,4,0.5.0
churn,40701,hgb,0,0.95,,,,,0.2214730470000177,,5000,20,4,0.5.0
churn,40701,hgb,1,0.961,,,,,0.235236573000293,,5000,20,4,0.5.0
churn,40701,hgb,2,0.959,,,,,0.257192245999704,,5000,20,4,0.5.0
churn,40701,hgb,3,0.958,,,,,0.2441923250003128,,5000,20,4,0.5.0
churn,40701,hgb,4,0.97,,,,,0.246292911999717,,5000,20,4,0.5.0
churn,40701,C5.0_R,0,0.944,37.0,,,14.0,0.12,,5000,20,4,0.5.0
churn,40701,C5.0_R,1,0.947,41.0,,,15.0,0.103,,5000,20,4,0.5.0
churn,40701,C5.0_R,2,0.947,34.0,,,12.0,0.113,,5000,20,4,0.5.0
churn,40701,C5.0_R,3,0.94,35.0,,,11.0,0.123,,5000,20,4,0.5.0
churn,40701,C5.0_R,4,0.949,48.0,,,14.0,0.135000000000001,,5000,20,4,0.5.0
churn,40701,C5.0_R_rules,0,0.947,17.0,,,12.0,0.118,,5000,20,4,0.5.0
churn,40701,C5.0_R_rules,1,0.942,30.0,,,15.0,0.12,,5000,20,4,0.5.0
churn,40701,C5.0_R_rules,2,0.944,17.0,,,11.0,0.12,,5000,20,4,0.5.0
churn,40701,C5.0_R_rules,3,0.94,18.0,,,11.0,0.135000000000001,,5000,20,4,0.5.0
churn,40701,C5.0_R_rules,4,0.952,21.0,,,13.0,0.139,,5000,20,4,0.5.0
churn,40701,C5.0_R_boost,0,0.952,,,,,0.66,,5000,20,4,0.5.0
churn,40701,C5.0_R_boost,1,0.953,,,,,0.726,,5000,20,4,0.5.0
churn,40701,C5.0_R_boost,2,0.95,,,,,0.712,,5000,20,4,0.5.0
churn,40701,C5.0_R_boost,3,0.952,,,,,0.679,,5000,20,4,0.5.0
churn,40701,C5.0_R_boost,4,0.96,,,,,0.721,,5000,20,4,0.5.0
car,40975,c50py,0,0.9739884393063584,52.0,8.23076923076923,5.365384615384615,6.0,0.0838691280000603,,1728,6,6,0.5.0
car,40975,c50py,1,0.9739884393063584,44.0,7.75,5.181818181818182,6.0,0.0774659049998263,,1728,6,6,0.5.0
car,40975,c50py,2,0.9797687861271676,49.0,8.020408163265307,5.26530612244898,6.0,0.0948154180000528,,1728,6,6,0.5.0
car,40975,c50py,3,0.9681159420289857,50.0,8.12,5.3,6.0,0.0811376880001262,,1728,6,6,0.5.0
car,40975,c50py,4,0.9681159420289857,44.0,7.772727272727272,5.204545454545454,6.0,0.1559638929998072,,1728,6,6,0.5.0
car,40975,c50py_cv,0,0.976878612716763,55.0,8.272727272727273,5.381818181818182,6.0,1.1499897389999203,,1728,6,6,0.5.0
car,40975,c50py_cv,1,0.976878612716763,51.0,8.176470588235293,5.2745098039215685,6.0,0.916144538000026,,1728,6,6,0.5.0
car,40975,c50py_cv,2,0.9797687861271676,49.0,8.020408163265307,5.26530612244898,6.0,1.7629243290002703,,1728,6,6,0.5.0
car,40975,c50py_cv,3,0.9681159420289857,50.0,8.12,5.3,6.0,0.9441908829999192,,1728,6,6,0.5.0
car,40975,c50py_cv,4,0.9681159420289857,44.0,7.772727272727272,5.204545454545454,6.0,2.078749701999641,,1728,6,6,0.5.0
car,40975,c50py_winnow,0,0.9739884393063584,52.0,8.23076923076923,5.365384615384615,6.0,0.2023582219999298,,1728,6,6,0.5.0
car,40975,c50py_winnow,1,0.9739884393063584,44.0,7.75,5.181818181818182,6.0,0.1793848799998159,,1728,6,6,0.5.0
car,40975,c50py_winnow,2,0.9797687861271676,49.0,8.020408163265307,5.26530612244898,6.0,0.1572117599998819,,1728,6,6,0.5.0
car,40975,c50py_winnow,3,0.9681159420289857,50.0,8.12,5.3,6.0,0.1646067930000754,,1728,6,6,0.5.0
car,40975,c50py_winnow,4,0.9681159420289857,44.0,7.772727272727272,5.204545454545454,6.0,0.536406702000022,,1728,6,6,0.5.0
car,40975,c50py_rules,0,0.9739884393063584,25.0,4.24,4.24,6.0,0.1838613519994396,,1728,6,6,0.5.0
car,40975,c50py_rules,1,0.9739884393063584,41.0,4.463414634146342,4.463414634146342,6.0,0.1160334309997779,,1728,6,6,0.5.0
car,40975,c50py_rules,2,0.9913294797687862,38.0,4.315789473684211,4.315789473684211,6.0,0.1534958230004122,,1728,6,6,0.5.0
car,40975,c50py_rules,3,0.9855072463768116,30.0,4.3,4.3,6.0,0.1870371019995218,,1728,6,6,0.5.0
car,40975,c50py_rules,4,0.9797101449275364,36.0,4.361111111111111,4.361111111111111,6.0,0.1711745660004453,,1728,6,6,0.5.0
car,40975,c50py_boost,0,0.9797687861271676,,,,,0.8528580040001543,10.0,1728,6,6,0.5.0
car,40975,c50py_boost,1,0.9913294797687862,,,,,0.7723633179998615,10.0,1728,6,6,0.5.0
car,40975,c50py_boost,2,0.9739884393063584,,,,,0.6938227119999283,10.0,1728,6,6,0.5.0
car,40975,c50py_boost,3,0.9855072463768116,,,,,0.7457813679998253,10.0,1728,6,6,0.5.0
car,40975,c50py_boost,4,0.9768115942028984,,,,,1.4455571729999974,10.0,1728,6,6,0.5.0
car,40975,cart,0,0.9739884393063584,93.0,9.75268817204301,5.709677419354839,6.0,0.0045770009996886,,1728,6,6,0.5.0
car,40975,cart,1,0.9739884393063584,91.0,9.802197802197805,5.681318681318682,6.0,0.0032579930002611,,1728,6,6,0.5.0
car,40975,cart,2,0.9566473988439308,88.0,9.443181818181818,5.704545454545454,6.0,0.0030649020000055,,1728,6,6,0.5.0
car,40975,cart,3,0.9710144927536232,85.0,9.423529411764706,5.647058823529412,6.0,0.0048329599999306,,1728,6,6,0.5.0
car,40975,cart,4,0.9536231884057972,90.0,9.311111111111112,5.655555555555556,6.0,0.0083042690002912,,1728,6,6,0.5.0
car,40975,cart_cv,0,0.976878612716763,90.0,9.77777777777778,5.688888888888889,6.0,2.292355010999927,,1728,6,6,0.5.0
car,40975,cart_cv,1,0.9739884393063584,74.0,9.41891891891892,5.554054054054054,6.0,2.440774186999988,,1728,6,6,0.5.0
car,40975,cart_cv,2,0.953757225433526,69.0,8.826086956521738,5.594202898550725,6.0,2.2497606329998234,,1728,6,6,0.5.0
car,40975,cart_cv,3,0.9710144927536232,85.0,9.423529411764706,5.647058823529412,6.0,4.344404541000131,,1728,6,6,0.5.0
car,40975,cart_cv,4,0.9536231884057972,90.0,9.311111111111112,5.655555555555556,6.0,4.653276433999963,,1728,6,6,0.5.0
car,40975,hgb,0,0.9913294797687862,,,,,0.4526863480000429,,1728,6,6,0.5.0
car,40975,hgb,1,1.0,,,,,0.4650464880000982,,1728,6,6,0.5.0
car,40975,hgb,2,1.0,,,,,0.4636546570000064,,1728,6,6,0.5.0
car,40975,hgb,3,0.991304347826087,,,,,1.0783982870002546,,1728,6,6,0.5.0
car,40975,hgb,4,0.991304347826087,,,,,0.941662296999766,,1728,6,6,0.5.0
car,40975,C5.0_R,0,0.973988439306358,46.0,,,6.0,0.0409999999999999,,1728,6,6,0.5.0
car,40975,C5.0_R,1,0.971098265895954,44.0,,,6.0,0.052,,1728,6,6,0.5.0
car,40975,C5.0_R,2,0.968208092485549,44.0,,,6.0,0.0300000000000002,,1728,6,6,0.5.0
car,40975,C5.0_R,3,0.965217391304348,40.0,,,6.0,0.0329999999999999,,1728,6,6,0.5.0
car,40975,C5.0_R,4,0.968115942028986,44.0,,,6.0,0.036,,1728,6,6,0.5.0
car,40975,C5.0_R_rules,0,0.976878612716763,35.0,,,6.0,0.0499999999999998,,1728,6,6,0.5.0
car,40975,C5.0_R_rules,1,0.973988439306358,42.0,,,6.0,0.0710000000000002,,1728,6,6,0.5.0
car,40975,C5.0_R_rules,2,0.979768786127168,41.0,,,6.0,0.032,,1728,6,6,0.5.0
car,40975,C5.0_R_rules,3,0.979710144927536,35.0,,,6.0,0.0420000000000003,,1728,6,6,0.5.0
car,40975,C5.0_R_rules,4,0.976811594202899,36.0,,,6.0,0.0540000000000003,,1728,6,6,0.5.0
car,40975,C5.0_R_boost,0,0.982658959537572,,,,,0.0600000000000001,,1728,6,6,0.5.0
car,40975,C5.0_R_boost,1,0.976878612716763,,,,,0.0869999999999997,,1728,6,6,0.5.0
car,40975,C5.0_R_boost,2,0.994219653179191,,,,,0.0840000000000001,,1728,6,6,0.5.0
car,40975,C5.0_R_boost,3,0.968115942028986,,,,,0.0580000000000003,,1728,6,6,0.5.0
car,40975,C5.0_R_boost,4,0.971014492753623,,,,,0.0899999999999999,,1728,6,6,0.5.0
Australian,40981,c50py,0,0.855072463768116,18.0,6.0,5.888888888888889,12.0,0.3743034660001285,,690,14,8,0.5.0
Australian,40981,c50py,1,0.8695652173913043,22.0,6.909090909090909,6.090909090909091,13.0,0.3443171960002473,,690,14,8,0.5.0
Australian,40981,c50py,2,0.8695652173913043,17.0,6.411764705882353,5.823529411764706,10.0,0.3455854030003138,,690,14,8,0.5.0
Australian,40981,c50py,3,0.855072463768116,19.0,5.578947368421052,5.473684210526316,11.0,0.2840718709999237,,690,14,8,0.5.0
Australian,40981,c50py,4,0.8913043478260869,22.0,5.590909090909091,5.227272727272728,12.0,0.3225787699998363,,690,14,8,0.5.0
Australian,40981,c50py_cv,0,0.855072463768116,12.0,6.0,5.833333333333333,10.0,3.29472561700004,,690,14,8,0.5.0
Australian,40981,c50py_cv,1,0.8623188405797102,9.0,4.888888888888889,4.333333333333333,6.0,3.2051066029998765,,690,14,8,0.5.0
Australian,40981,c50py_cv,2,0.8695652173913043,17.0,6.411764705882353,5.823529411764706,10.0,3.1540435930000967,,690,14,8,0.5.0
Australian,40981,c50py_cv,3,0.8695652173913043,13.0,5.230769230769231,5.230769230769231,11.0,3.078687681999781,,690,14,8,0.5.0
Australian,40981,c50py_cv,4,0.8913043478260869,9.0,3.888888888888889,3.888888888888889,6.0,3.423671603999992,,690,14,8,0.5.0
Australian,40981,c50py_winnow,0,0.8478260869565217,18.0,5.944444444444445,5.666666666666667,10.0,0.5703284129999702,,690,14,8,0.5.0
Australian,40981,c50py_winnow,1,0.8695652173913043,22.0,6.909090909090909,6.090909090909091,13.0,0.83677545799992,,690,14,8,0.5.0
Australian,40981,c50py_winnow,2,0.8405797101449275,15.0,5.8,5.266666666666667,9.0,0.5316283239999393,,690,14,8,0.5.0
Australian,40981,c50py_winnow,3,0.8695652173913043,13.0,5.230769230769231,5.230769230769231,10.0,0.6210393500000464,,690,14,8,0.5.0
Australian,40981,c50py_winnow,4,0.8913043478260869,17.0,5.411764705882353,5.117647058823529,11.0,0.71071314899973,,690,14,8,0.5.0
Australian,40981,c50py_rules,0,0.855072463768116,13.0,3.8461538461538463,3.8461538461538463,12.0,0.1676071809997665,,690,14,8,0.5.0
Australian,40981,c50py_rules,1,0.8623188405797102,11.0,3.272727272727273,3.090909090909091,12.0,0.2276307920001272,,690,14,8,0.5.0
Australian,40981,c50py_rules,2,0.8768115942028986,12.0,3.25,3.25,10.0,0.1779000619999351,,690,14,8,0.5.0
Australian,40981,c50py_rules,3,0.8768115942028986,7.0,3.2857142857142856,3.2857142857142856,11.0,0.1863548070004981,,690,14,8,0.5.0
Australian,40981,c50py_rules,4,0.8913043478260869,11.0,3.1818181818181817,3.1818181818181817,12.0,0.178701189000094,,690,14,8,0.5.0
Australian,40981,c50py_boost,0,0.8405797101449275,,,,,2.9649071619996903,10.0,690,14,8,0.5.0
Australian,40981,c50py_boost,1,0.8768115942028986,,,,,3.1835837040002843,10.0,690,14,8,0.5.0
Australian,40981,c50py_boost,2,0.8623188405797102,,,,,3.142215669000052,10.0,690,14,8,0.5.0
Australian,40981,c50py_boost,3,0.8913043478260869,,,,,3.077169943000172,10.0,690,14,8,0.5.0
Australian,40981,c50py_boost,4,0.8695652173913043,,,,,3.3033066410002903,10.0,690,14,8,0.5.0
Australian,40981,cart,0,0.8115942028985508,79.0,7.7215189873417724,6.151898734177215,13.0,0.0084966320000603,,690,14,8,0.5.0
Australian,40981,cart,1,0.8405797101449275,70.0,7.328571428571428,6.085714285714285,11.0,0.0073116869998557,,690,14,8,0.5.0
Australian,40981,cart,2,0.8260869565217391,76.0,7.855263157894737,6.342105263157895,13.0,0.0071111700003712,,690,14,8,0.5.0
Australian,40981,cart,3,0.7971014492753623,70.0,7.614285714285714,6.228571428571429,14.0,0.0132935629999337,,690,14,8,0.5.0
Australian,40981,cart,4,0.8188405797101449,80.0,7.7625,6.3875,14.0,0.0073063489999185,,690,14,8,0.5.0
Australian,40981,cart_cv,0,0.8478260869565217,17.0,4.941176470588236,4.529411764705882,10.0,4.700295244999779,,690,14,8,0.5.0
Australian,40981,cart_cv,1,0.8623188405797102,2.0,1.0,1.0,1.0,4.473375617000329,,690,14,8,0.5.0
Australian,40981,cart_cv,2,0.855072463768116,11.0,3.909090909090909,3.909090909090909,8.0,4.381547599999976,,690,14,8,0.5.0
Australian,40981,cart_cv,3,0.8405797101449275,4.0,2.25,2.25,3.0,4.493950679000136,,690,14,8,0.5.0
Australian,40981,cart_cv,4,0.8623188405797102,2.0,1.0,1.0,1.0,4.755823653999869,,690,14,8,0.5.0
Australian,40981,hgb,0,0.8478260869565217,,,,,0.2583570540000437,,690,14,8,0.5.0
Australian,40981,hgb,1,0.8623188405797102,,,,,0.2328280259998791,,690,14,8,0.5.0
Australian,40981,hgb,2,0.8695652173913043,,,,,0.1941795110001294,,690,14,8,0.5.0
Australian,40981,hgb,3,0.8695652173913043,,,,,0.2757690200000979,,690,14,8,0.5.0
Australian,40981,hgb,4,0.8695652173913043,,,,,0.2410424009999587,,690,14,8,0.5.0
Australian,40981,C5.0_R,0,0.855072463768116,8.0,,,6.0,0.0299999999999998,,690,14,8,0.5.0
Australian,40981,C5.0_R,1,0.869565217391304,21.0,,,10.0,0.0249999999999999,,690,14,8,0.5.0
Australian,40981,C5.0_R,2,0.876811594202899,10.0,,,7.0,0.069,,690,14,8,0.5.0
Australian,40981,C5.0_R,3,0.833333333333333,11.0,,,8.0,0.024,,690,14,8,0.5.0
Australian,40981,C5.0_R,4,0.884057971014493,16.0,,,10.0,0.0249999999999999,,690,14,8,0.5.0
Australian,40981,C5.0_R_rules,0,0.855072463768116,8.0,,,6.0,0.024,,690,14,8,0.5.0
Australian,40981,C5.0_R_rules,1,0.86231884057971,12.0,,,8.0,0.0259999999999998,,690,14,8,0.5.0
Australian,40981,C5.0_R_rules,2,0.876811594202899,6.0,,,7.0,0.0249999999999999,,690,14,8,0.5.0
Australian,40981,C5.0_R_rules,3,0.833333333333333,10.0,,,8.0,0.0230000000000001,,690,14,8,0.5.0
Australian,40981,C5.0_R_rules,4,0.86231884057971,9.0,,,10.0,0.024,,690,14,8,0.5.0
Australian,40981,C5.0_R_boost,0,0.847826086956522,,,,,0.0489999999999999,,690,14,8,0.5.0
Australian,40981,C5.0_R_boost,1,0.876811594202899,,,,,0.0860000000000003,,690,14,8,0.5.0
Australian,40981,C5.0_R_boost,2,0.884057971014493,,,,,0.052,,690,14,8,0.5.0
Australian,40981,C5.0_R_boost,3,0.876811594202899,,,,,0.0569999999999999,,690,14,8,0.5.0
Australian,40981,C5.0_R_boost,4,0.86231884057971,,,,,0.0619999999999998,,690,14,8,0.5.0
